Gene,Primer 1,Call,Primer 2 ,Call,Primer 3,Call,Primer 4,Call,Primer 5,Call,Primer 6,Call,Final Interpretation,Notes
aac(3)-II,aac(3)-II,G,aac(3)-II_3ab#1 ,MUT.A,aac(3)-II_3ab#2,blank,,,,,,,aac(3)-II_2MUT_3neg,result for primer 1 ignored
,aac(3)-II,blank,aac(3)-II_3ab#1 ,G,aac(3)-II_3ab#2,blank,,,,,,,aac(3)-II_3neg,others interpreted where possible
,aac(3)-II,C,aac(3)-II_3ab#1 ,G,aac(3)-II_3ab#2,blank,,,,,,,aac(3)-II_3neg,primer # as in column headings
,aac(3)-II,G,aac(3)-II_3ab#1,G,aac(3)-II_3ab#2,blank,,,,,,,aac(3)-II_3neg,_#mix is mix of expected calls for that primer
,aac(3)-II,GC,aac(3)-II_3ab#1 ,G,aac(3)-II_3ab#2,blank,,,,,,,aac(3)-II_3neg,_#MUT is MUT called for primer
,aac(3)-II,blank,aac(3)-II_3ab#1 ,G,aac(3)-II_3ab#2,T,,,,,,,aac(3)-IId,_#neg is negative for that primer
,aac(3)-II,C,aac(3)-II_3ab#1 ,G,aac(3)-II_3ab#2,T,,,,,,,aac(3)-IId,aac(3)-IIe+ is aac(3)-IIe present plus another aac(3)-II
,aac(3)-II,G,aac(3)-II_3ab#1 ,G,aac(3)-II_3ab#2,T,,,,,,,aac(3)-IId,
,aac(3)-II,GC,aac(3)-II_3ab#1 ,G,aac(3)-II_3ab#2,T,,,,,,,aac(3)-IId,
,aac(3)-II,GC,aac(3)-II_3ab#1,AG,aac(3)-II_3ab#2,T,,,,,,,aac(3)-IId_2mix,
,aac(3)-II,G,aac(3)-II_3ab#1,AG,aac(3)-II_3ab#2,T,,,,,,,aac(3)-IId+_2mix,
,aac(3)-II,blank,aac(3)-II_3ab#1 ,AG,aac(3)-II_3ab#2,TC,,,,,,,aac(3)-IId+IIe,
,aac(3)-II,G,aac(3)-II_3ab#1,AG,aac(3)-II_3ab#2,TC,,,,,,,aac(3)-IId+IIe,
,aac(3)-II,GC,aac(3)-II_3ab#1 ,AG,aac(3)-II_3ab#2,TC,,,,,,,aac(3)-IId+IIe,
,aac(3)-II,blank,aac(3)-II_3ab#1 ,A,aac(3)-II_3ab#2,C,,,,,,,aac(3)-IIe,
,aac(3)-II,G,aac(3)-II_3ab#1 ,A,aac(3)-II_3ab#2,C,,,,,,,aac(3)-IIe,
,aac(3)-II,GC,aac(3)-II_3ab#1 ,A,aac(3)-II_3ab#2,C,,,,,,,aac(3)-IIe,
,aac(3)-II,GC,aac(3)-II_3ab#1,AG,aac(3)-II_3ab#2,C,,,,,,,aac(3)-IIe_2mix,
,aac(3)-II,GC,aac(3)-II_3ab#1 ,A,aac(3)-II_3ab#2,TC,,,,,,,aac(3)-IIe_3mix,
,aac(3)-II,blank,aac(3)-II_3ab#1 ,A,aac(3)-II_3ab#2,blank,,,,,,,aac(3)-IIe_3neg,
,aac(3)-II,C,aac(3)-II_3ab#1 ,A,aac(3)-II_3ab#2,blank,,,,,,,aac(3)-IIe_3neg,
,aac(3)-II,G,aac(3)-II_3ab#1 ,A,aac(3)-II_3ab#2,blank,,,,,,,aac(3)-IIe_3neg,
,aac(3)-II,GC,aac(3)-II_3ab#1 ,A,aac(3)-II_3ab#2,blank,,,,,,,aac(3)-IIe_3neg,
,aac(3)-II,G,aac(3)-II_3ab#1 ,AG,aac(3)-II_3ab#2,C,,,,,,,aac(3)-IIe+_2mix,
,aac(3)-II,blank,aac(3)-II_3ab#1 ,AG,aac(3)-II_3ab#2,blank,,,,,,,aac(3)-IIe+_3neg,
,aac(3)-II,G,aac(3)-II_3ab#1 ,AG,aac(3)-II_3ab#2,blank,,,,,,,aac(3)-IIe+_3neg,
,aac(3)-II,GC,aac(3)-II_3ab#1 ,AG,aac(3)-II_3ab#2,blank,,,,,,,aac(3)-IIe+_3neg,
,aac(3)-II,C,aac(3)-II_3ab#1 ,blank,aac(3)-II_3ab#2,blank,,,,,,,negative,
,aac(3)-II,G,aac(3)-II_3ab#1 ,blank,aac(3)-II_3ab#2,blank,,,,,,,negative,
,aac(3)-II,GC,aac(3)-II_3ab#1 ,blank,aac(3)-II_3ab#2,blank,,,,,,,negative,
aacA27,aac6-Ib/II,C,,,,,,,,,,,aacA27,leave out of paper altogther?
aacA4,aacA4_cr_GA#1,T,aac(3)-II_3ab#2,T,,,,,,,,,aacA4AMK,GEN+ is GEN variant plus another aacA4 variant
,aacA4_cr_GA#1,MUT.T,aac(3)-II_3ab#2,T,,,,,,,,,aacA4AMK+crC,(AMK) may also have AMK variant
,aacA4_cr_GA#1,A,aac(3)-II_3ab#2,T,,,,,,,,,aacA4crA,GEN±AMK could be GEN or AMK variant or both
,aacA4_cr_GA#1,A,aac(3)-II_3ab#2,blank,,,,,,,,,aacA4crA_2neg,notGEN can't include GEN variant
,aacA4_cr_GA#1,MUT.A,aac(3)-II_3ab#2,T,,,,,,,,,aacA4crA+C,
,aacA4_cr_GA#1,MUT,aac(3)-II_3ab#2,T,,,,,,,,,aacA4crC,
,aacA4_cr_GA#1,MUT,aac(3)-II_3ab#2,blank,,,,,,,,,aacA4crC_2neg,
,aacA4_cr_GA#1,T,aac(3)-II_3ab#2,C,,,,,,,,,aacA4GEN,
,aacA4_cr_GA#1,blank ,aac(3)-II_3ab#2,C,,,,,,,,,aacA4GEN_1neg,
,aacA4_cr_GA#1,blank,aac(3)-II_3ab#2,CT,,,,,,,,,aacA4GEN+_1neg_2mix,
,aacA4_cr_GA#1,MUT,aacA4_cr_GA#2,CT,,,,,,,,,aacA4GEN+_2mix,
,aacA4_cr_GA#1,T,aac(3)-II_3ab#2,CT,,,,,,,,,aacA4GEN+AMK,
,aacA4_cr_GA#1,AT,aac(3)-II_3ab#2,CT,,,,,,,,,aacA4GEN+crA(AMK),
,aacA4_cr_GA#1,MUT.T,aac(3)-II_3ab#2,CT,,,,,,,,,aacA4GEN+crC(AMK),
,aacA4_cr_GA#1,T,aac(3)-II_3ab#2,blank,,,,,,,,,aacA4GEN±AMK_2neg,
,aacA4_cr_GA#1,blank,aac(3)-II_3ab#2,T,,,,,,,,,aacA4notGEN_1neg,
aadB,aadB_2,T,,,,,,,,,,,aadB,
blaACT/blaMIR,ACT-MIR_A,blank,ACT-MIR_B_3,AT,,,,,,,,,blaACT_2mix,check spp?
,ACT-MIR_A,blank,ACT-MIR_B_3,MUT.T,,,,,,,,,blaACT_2MUTmix,_#MUTmix is mix of expected and unexpected
,ACT-MIR_A,G,ACT-MIR_B_3,blank ,,,,,,,,,blaACT-1-like,
,ACT-MIR_A,G,ACT-MIR_B_3,T,,,,,,,,,blaACT-1-like+5-like,
,ACT-MIR_A,blank,ACT-MIR_B_3,T,,,,,,,,,blaACT-5-like,
,ACT-MIR_A,blank,ACT-MIR_B_3,A,,,,,,,,,blaACT-7-like,
,ACT-MIR_A,C,ACT-MIR_B_3,blank,,,,,,,,,blaMIR,
armA,armA_3,A,,,,,,,,,,,armA,
blaCMY-2-like,CMY-2_2A,G,,,,,,,,,,,blaCMY-2-like,
blaCTX-M,CTX-M_1_240,A,CTX-M_1_v2a,blank,CTX-M_9,blank,CTX-M_9_240,blank,CTX-M_A,blank,CTX-M_B,blank,G1-240D,_2pos - CTX-M_1_v2a (normally negative) is positive)
,CTX-M_1_240,A,CTX-M_1_v2a,blank,CTX-M_9,blank,CTX-M_9_240,blank,CTX-M_A,T,CTX-M_B,blank,blaCTX-M-1,_36neg - primers 3 and 6 both negative
,CTX-M_1_240,A,CTX-M_1_v2a,blank,CTX-M_9,T,CTX-M_9_240,A,CTX-M_A,blank,CTX-M_B,T,G1-240D+G9-240D,"_5G - has G for CTX-M-A, could indicate + CTX-M-2 group"
,CTX-M_1_240,A,CTX-M_1_v2a,G,CTX-M_9,blank,CTX-M_9_240,blank,CTX-M_A,blank,CTX-M_B,blank,G1-240D_2pos,
,CTX-M_1_240,blank,CTX-M_1_v2a,blank,CTX-M_9,blank,CTX-M_9_240,A,CTX-M_A,blank,CTX-M_B,blank,G9-240D_36neg,
,CTX-M_1_240,blank,CTX-M_1_v2a,blank,CTX-M_9,blank,CTX-M_9_240,A,CTX-M_A,blank,CTX-M_B,T,G9-240D_3neg,
,CTX-M_1_240,blank,CTX-M_1_v2a,blank,CTX-M_9,blank,CTX-M_9_240,blank,CTX-M_A,blank,CTX-M_B,C,G8,
,CTX-M_1_240,blank,CTX-M_1_v2a,blank,CTX-M_9,blank,CTX-M_9_240,blank,CTX-M_A,blank,CTX-M_B,T,G9-240_46neg,
,CTX-M_1_240,blank,CTX-M_1_v2a,blank,CTX-M_9,blank,CTX-M_9_240,blank,CTX-M_A,G,CTX-M_B,blank,G2,
,CTX-M_1_240,blank,CTX-M_1_v2a,blank,CTX-M_9,blank,CTX-M_9_240,G,CTX-M_A,blank,CTX-M_B,blank,G9-240G_36neg,
,CTX-M_1_240,blank,CTX-M_1_v2a,blank,CTX-M_9,blank,CTX-M_9_240,GA,CTX-M_A,blank,CTX-M_B,blank,G9-240G+D_36neg,
,CTX-M_1_240,blank,CTX-M_1_v2a,blank,CTX-M_9,blank,CTX-M_9_240,GA,CTX-M_A,blank,CTX-M_B,T,G9-240G+D_3neg,
,CTX-M_1_240,blank,CTX-M_1_v2a,blank,CTX-M_9,T,CTX-M_9_240,A,CTX-M_A,blank,CTX-M_B,T,G9-240D,
,CTX-M_1_240,blank,CTX-M_1_v2a,blank,CTX-M_9,T,CTX-M_9_240,A,CTX-M_A,blank,CTX-M_B,TC,G9-240D+G8,
,CTX-M_1_240,blank,CTX-M_1_v2a,blank,CTX-M_9,T,CTX-M_9_240,A,CTX-M_A,G,CTX-M_B,T,G9-240D+G2,
,CTX-M_1_240,blank,CTX-M_1_v2a,blank,CTX-M_9,T,CTX-M_9_240,blank,CTX-M_A,blank,CTX-M_B,T,G9-240_4neg,
,CTX-M_1_240,blank,CTX-M_1_v2a,blank,CTX-M_9,T,CTX-M_9_240,G,CTX-M_A,blank,CTX-M_B,T,G9-240G,
,CTX-M_1_240,blank,CTX-M_1_v2a,blank,CTX-M_9,T,CTX-M_9_240,GA,CTX-M_A,blank,CTX-M_B,T,G9-240G+D,
,CTX-M_1_240,blank,CTX-M_1_v2a,G,CTX-M_9,T,CTX-M_9_240,A,CTX-M_A,blank,CTX-M_B,T,G9-240D_2G,
,CTX-M_1_240,blank,CTX-M_1_v2a,G,CTX-M_9,blank,CTX-M_9_240,blank,CTX-M_A,blank,CTX-M_B,blank,G1_2G,
,CTX-M_1_240,G,CTX-M_1_v2a,blank,CTX-M_9,blank,CTX-M_9_240,A,CTX-M_A,blank,CTX-M_B,blank,G1-240G+G9-240D_36neg,
,CTX-M_1_240,G,CTX-M_1_v2a,blank,CTX-M_9,blank,CTX-M_9_240,A,CTX-M_A,blank,CTX-M_B,T,G1-240G+G9-240D_3neg,
,CTX-M_1_240,G,CTX-M_1_v2a,blank,CTX-M_9,blank,CTX-M_9_240,blank,CTX-M_A,blank,CTX-M_B,blank,G1-240G,
,CTX-M_1_240,G,CTX-M_1_v2a,blank,CTX-M_9,blank,CTX-M_9_240,blank,CTX-M_A,blank,CTX-M_B,C,G1-240G+G8,
,CTX-M_1_240,G,CTX-M_1_v2a,blank,CTX-M_9,blank,CTX-M_9_240,blank,CTX-M_A,G,CTX-M_B,blank,G1-240G_5G,
,CTX-M_1_240,G,CTX-M_1_v2a,blank,CTX-M_9,blank,CTX-M_9_240,G,CTX-M_A,blank,CTX-M_B,blank,G1-240G+G9-240G_36neg,
,CTX-M_1_240,G,CTX-M_1_v2a,blank,CTX-M_9,blank,CTX-M_9_240,G,CTX-M_A,blank,CTX-M_B,T,G1-240G+G9-240D_3neg,
,CTX-M_1_240,G,CTX-M_1_v2a,blank,CTX-M_9,blank,CTX-M_9_240,GA,CTX-M_A,blank,CTX-M_B,blank,G1-240G+G9-240G+D_36neg,
,CTX-M_1_240,G,CTX-M_1_v2a,blank,CTX-M_9,blank,CTX-M_9_240,GA,CTX-M_A,blank,CTX-M_B,T,G1-240G+G9-240G+D_3neg,
,CTX-M_1_240,G,CTX-M_1_v2a,blank,CTX-M_9,T,CTX-M_9_240,A,CTX-M_A,blank,CTX-M_B,blank,G1-240G+G9-240D_6neg,
,CTX-M_1_240,G,CTX-M_1_v2a,blank,CTX-M_9,T,CTX-M_9_240,A,CTX-M_A,blank,CTX-M_B,T,G1-240G+G9-240D,
,CTX-M_1_240,G,CTX-M_1_v2a,blank,CTX-M_9,T,CTX-M_9_240,G,CTX-M_A,blank,CTX-M_B,T,G1_240G+G9-240D,
,CTX-M_1_240,G,CTX-M_1_v2a,blank,CTX-M_9,T,CTX-M_9_240,GA,CTX-M_A,blank,CTX-M_B,blank,G1-240G+G9-240G+D_6neg,
,CTX-M_1_240,G,CTX-M_1_v2a,blank,CTX-M_9,T,CTX-M_9_240,GA,CTX-M_A,blank,CTX-M_B,T,G1-240G+G9-240G+D,
,CTX-M_1_240,G,CTX-M_1_v2a,blank,CTX-M_9,T,CTX-M_9_240,blank,CTX-M_A,blank,CTX-M_B,T,G1-240G+G9_4neg,
,CTX-M_1_240,G,CTX-M_1_v2a,G,CTX-M_9,blank,CTX-M_9_240,A,CTX-M_A,blank,CTX-M_B,blank,G1-240G+G9-240D_2pos_36neg,
,CTX-M_1_240,G,CTX-M_1_v2a,G,CTX-M_9,blank,CTX-M_9_240,A,CTX-M_A,blank,CTX-M_B,T,G1-240G+G9-240D_2pos_3neg,
,CTX-M_1_240,G,CTX-M_1_v2a,G,CTX-M_9,blank,CTX-M_9_240,blank,CTX-M_A,blank,CTX-M_B,blank,G1-240G_2pos,
,CTX-M_1_240,G,CTX-M_1_v2a,G,CTX-M_9,blank,CTX-M_9_240,GA,CTX-M_A,blank,CTX-M_B,blank,G1-240G+G9-240G+D_2pos_46neg,
,CTX-M_1_240,G,CTX-M_1_v2a,G,CTX-M_9,blank,CTX-M_9_240,GA,CTX-M_A,blank,CTX-M_B,T,G1-240G+G9-240G+D_2pos,
,CTX-M_1_240,G,CTX-M_1_v2a,G,CTX-M_9,blank,CTX-M_9_240,G,CTX-M_A,blank,CTX-M_B,blank,G1-240G+G9-240G_2pos_46neg,
,CTX-M_1_240,G,CTX-M_1_v2a,G,CTX-M_9,blank,CTX-M_9_240,G,CTX-M_A,blank,CTX-M_B,T,G1-240G+G9-240G_2pos_4neg,
,CTX-M_1_240,G,CTX-M_1_v2a,G,CTX-M_9,T,CTX-M_9_240,A,CTX-M_A,blank,CTX-M_B,T,G1-240G+G9-240D_2pos,
,CTX-M_1_240,G,CTX-M_1_v2a,G,CTX-M_9,T,CTX-M_9_240,G,CTX-M_A,blank,CTX-M_B,T,G1-240G+G9-240G_2pos,
,CTX-M_1_240,G,CTX-M_1_v2a,G,CTX-M_9,T,CTX-M_9_240,GA,CTX-M_A,blank,CTX-M_B,T,G1-240G+G9-240G+D_2pos,
,CTX-M_1_240,GA,CTX-M_1_v2a,blank,CTX-M_9,blank,CTX-M_9_240,blank,CTX-M_A,blank,CTX-M_B,blank,G1-240D+G,
DHA,DHA_2,G,,,,,,,,,,,blaDHA,
fosA3,fosA3_1,A,,,,,,,,,,,fosA3,leave out of paper?
GES,GES,A,,,,,,,,,,,blaGES-2-like,
,GES,G,,,,,,,,,,,blaGES-1-like,
IMP,IMP_A_2,blank,IMP_A_2_v2,blank,IMP_B,T,,,,,,,blaIMP_12neg,
,IMP_A_2,blank,IMP_A_2_v2,G,IMP_B,blank,,,,,,,blaIMP-1579-like_13neg,
,IMP_A_2,G,IMP_A_2_v2,,IMP_B,T,,,,,,,blaIMP-1579-like_2neg,
,IMP_A_2,C,IMP_A_2_v2,blank,IMP_B,T,,,,,,,blaIMP-4-like,
,IMP_A_2,C,IMP_A_2_v2,blank,IMP_B,T,,,,,,,blaIMP-4-like,
,IMP_A_2,blank,IMP_A_2_v2,C,IMP_B,blank,,,,,,,blaIMP-4-like_13neg,
KPC,KPC_3,C,,,,,,,,,,,blaKPC,
NDM,NDM_2,A,,,,,,,,,,,blaNDM,
OXA-10,OXA-10_SNP2_3#1,C,,,,,,,,,,,blaOXA-10-like,
,OXA-10_SNP2_3#1,G,,,,,,,,,,,blaOXA-13-like,
OXA-30,OXA-30_2,A,,,,,,,,,,,blaOXA-30-like,
OXA-48,OXA-48_SNP1,C,,,,,,,,,,,blaOXA-48-like,
,OXA-48_SNP1,T,,,,,,,,,,,blaOXA-181-like,
rmtB,rmtB_3,A,,,,,,,,,,,rmtB,
rmtC,rmtC_1,A,,,,,,,,,,,rmtC,
rmtF,rmtF_3,C,,,,,,,,,,,rmtF,
,rmtF_3,MUT,,,,,,,,,,,rmtF_MUT,
SHV,SHV#1,A,SHV#2,A,SHV#2 [1],A,,,,,,,blaSHV-ESBL-238S-240K,SHV#2 [1] ignored
,SHV#1,A,SHV#2,A,SHV#2 [1],G,,,,,,,blaSHV-ESBL-238S-240K,check spp if no blaSHV-1-like in Kp?
,SHV#1,A,SHV#2,A,SHV#2 [1],GA,,,,,,,blaSHV-ESBL-238S-240K,check spp if blaSHV-1-like in Ec?
,SHV#1,A,SHV#2,blank,SHV#2 [1],A,,,,,,,blaSHV-ESBL_2neg,ESBL without a mutation specified has at least one ESBL
,SHV#1,A,SHV#2,G,SHV#2 [1],A,,,,,,,blaSHV-ESBL-240K,blaSHV could be ESBL or non ESBL
,SHV#1,A,SHV#2,G,SHV#2 [1],G,,,,,,,blaSHV-ESBL-240K,blaSHV-1-like is non-ESBL
,SHV#1,A,SHV#2,G,SHV#2 [1],GA,,,,,,,blaSHV-ESBL-240K,
,SHV#1,A,SHV#2,GA,SHV#2 [1],GA,,,,,,,blaSHV-ESBL-238S+240K+ESBL-238S,
,SHV#1,AG,SHV#2,blank,SHV#2 [1],A,,,,,,,blaSHV-ESBL+blaSHV_2neg,
,SHV#1,AG,SHV#2,G,SHV#2 [1],G,,,,,,,blaSHV-ESBL-238S+blaSHV-1-like,
,SHV#1,AG,SHV#2,GA,SHV#2 [1],A,,,,,,,blaSHV-ESBL+blaSHV,
,SHV#1,AG,SHV#2,GA,SHV#2 [1],GA,,,,,,,blaSHV-ESBL+blaSHV,
,SHV#1,blank,SHV#2,A,SHV#2 [1],A,,,,,,,blaSHV-ESBL_1neg,
,SHV#1,blank,SHV#2,blank,SHV#2 [1],A,,,,,,,negative,
,SHV#1,blank,SHV#2,blank,SHV#2 [1],G,,,,,,,negative,
,SHV#1,blank,SHV#2,blank,SHV#2 [1],GA,,,,,,,negative,
,SHV#1,blank,SHV#2,G,SHV#2 [1],A,,,,,,,blaSHV_1neg,
,SHV#1,blank,SHV#2,G,SHV#2 [1],G,,,,,,,blaSHV_1neg,
,SHV#1,blank,SHV#2,G,SHV#2 [1],GA,,,,,,,blaSHV_1neg,
,SHV#1,blank,SHV#2,GA,SHV#2 [1],A,,,,,,,blaSHV-ESBL+blaSHV_1neg,
,SHV#1,blank,SHV#2,GA,SHV#2 [1],GA,,,,,,,blaSHV-ESBL+blaSHV_1neg,
,SHV#1,G,SHV#2,blank,SHV#2 [1],A,,,,,,,blaSHV_2neg,
,SHV#1,G,SHV#2,blank,SHV#2 [1],blank,,,,,,,blaSHV_2neg,
,SHV#1,G,SHV#2,blank,SHV#2 [1],G,,,,,,,blaSHV_2neg,
,SHV#1,G,SHV#2,blank,SHV#2 [1],GA,,,,,,,blaSHV_2neg,
,SHV#1,G,SHV#2,G,SHV#2 [1],A,,,,,,,blaSHV-1-like,
,SHV#1,G,SHV#2,G,SHV#2 [1],blank,,,,,,,blaSHV-1-like,
,SHV#1,G,SHV#2,G,SHV#2 [1],G,,,,,,,blaSHV-1-like,
,SHV#1,G,SHV#2,G,SHV#2 [1],GA,,,,,,,blaSHV-1-like,
,SHV#1,G,SHV#2,GA,SHV#2 [1],GA,,,,,,,blaSHV-ESBL-240K+blaSHV-1-like,
TEM,TEM#1,C,TEM#2,G,,,,,,,,,blaTEM_1C,if only one of two primers positive call is negative?
,TEM#1,CG,TEM#2,G,,,,,,,,,blaTEM_1CG,"evidence from PCR,  leave in at this stage to be consistent"
,TEM#1,G,TEM#2,G.MUT,,,,,,,,,blaTEM_2MUTmix,not important for 3GC prediction
,TEM#1,G,TEM#2,G,,,,,,,,,blaTEM-1-like,
,TEM#1,A,TEM#2,G,,,,,,,,,blaTEM-ESBL-238S,
,TEM#1,A,TEM#2,A,,,,,,,,,blaTEM-ESBL-238S+240K,
,TEM#1,G,TEM#2,A,,,,,,,,,blaTEM-ESBL-240K,
,TEM#1,G,TEM#2,GA,,,,,,,,,blaTEM-ESBL-240K+blaTEM-1-like,
,TEM#1,blank,TEM#2,G,,,,,,,,,blaTEM_1neg,
,TEM#1,G,TEM#2,blank,,,,,,,,,blaTEM_2neg,
,TEM#1,C,TEM#2,blank,,,,,,,,,blaTEM_2neg,
VEB,VEB_3,T,,,,,,,,,,,blaVEB,
VIM,VIM_SNP1,C,,,,,,,,,,,blaVIM-1-like,
,VIM_SNP1,T,,,,,,,,,,,blaVIM-2-like,
,VIM_SNP1,A,,,,,,,,,,,blaVIM-7-like,
