Sample Id,Site,Species,3GCR,GENR,
BRA001,Brazil,E. coli,R,S,
BRA002,Brazil,E. coli,R,S,
BRA003,Brazil,E. coli,R,R,
BRA004,Brazil,E. coli,R,S,
BRA005,Brazil,E. coli,R,R,
BRA006,Brazil,E. coli,R,S,
BRA007,Brazil,E. coli,R,S,
BRA008,Brazil,E. coli,R,S,
BRA009,Brazil,E. coli,R,S,
BRA010,Brazil,E. coli,R,S,
BRA011,Brazil,E. coli,R,S,
BRA012,Brazil,E. coli,R,S,
BRA013,Brazil,E. coli,R,S,
BRA014,Brazil,E. coli,R,S,
BRA015,Brazil,E. coli,R,S,
BRA016,Brazil,E. coli,R,R,
BRA017,Brazil,E. coli,R,R,
BRA018,Brazil,E. coli,R,S,
BRA019,Brazil,E. coli,R,R,
BRA020,Brazil,E. coli,R,S,
BRA021,Brazil,E. coli,R,S,
BRA022,Brazil,E. coli,R,S,
BRA023,Brazil,E. coli,R,S,
BRA024,Brazil,E. coli,R,S,
BRA025,Brazil,E. coli,R,S,
BRA026,Brazil,E. coli,R,S,
BRA027,Brazil,E. coli,R,S,
BRA028,Brazil,E. coli,R,S,
BRA029,Brazil,E. coli,R,S,
BRA030,Brazil,E. coli,R,R,
BRA031,Brazil,E. coli,R,S,
BRA032,Brazil,E. coli,R,R,
BRA033,Brazil,E. coli,R,S,
BRA034,Brazil,E. coli,R,R,
BRA035,Brazil,E. coli,R,R,
BRA036,Brazil,E. coli,R,R,
BRA037,Brazil,E. coli,R,S,
BRA038,Brazil,E. coli,R,S,
BRA039,Brazil,E. coli,R,S,
BRA040,Brazil,E. coli,R,S,
BRA041,Brazil,E. coli,R,R,
BRA042,Brazil,E. coli,R,S,
BRA043,Brazil,E. coli,R,R,
BRA044,Brazil,E. coli,R,S,
BRA045,Brazil,E. coli,R,R,
BRA046,Brazil,E. coli,R,R,
BRA047,Brazil,E. coli,R,R,
BRA048,Brazil,E. coli,R,S,
BRA049,Brazil,E. coli,R,R,
BRA050,Brazil,E. coli,R,R,
BRA052,Brazil,K. pneumoniae,R,S,
BRA053,Brazil,K. pneumoniae,R,S,
BRA054,Brazil,K. pneumoniae,R,S,
BRA055,Brazil,K. pneumoniae,R,S,
BRA056,Brazil,K. pneumoniae,R,S,
BRA057,Brazil,K. pneumoniae,R,S,
BRA058,Brazil,K. pneumoniae,R,S,
BRA059,Brazil,K. pneumoniae,R,R,
BRA060,Brazil,K. pneumoniae,R,S,
BRA061,Brazil,K. pneumoniae,R,S,
BRA062,Brazil,K. pneumoniae,R,S,
BRA063,Brazil,K. pneumoniae,R,S,
BRA064,Brazil,K. pneumoniae,R,S,
BRA065,Brazil,K. pneumoniae,R,S,
BRA066,Brazil,K. pneumoniae,R,S,
BRA067,Brazil,K. pneumoniae,R,S,
BRA068,Brazil,K. pneumoniae,R,S,
BRA069,Brazil,K. pneumoniae,R,S,
BRA070,Brazil,K. pneumoniae,R,S,
BRA071,Brazil,K. pneumoniae,R,S,
BRA072,Brazil,K. pneumoniae,R,S,
BRA074,Brazil,K. pneumoniae,R,S,
BRA075,Brazil,K. pneumoniae,R,S,
BRA076,Brazil,K. pneumoniae,R,S,
BRA077,Brazil,K. pneumoniae,R,S,
BRA078,Brazil,K. pneumoniae,R,S,
BRA079,Brazil,K. pneumoniae,R,S,
BRA080,Brazil,K. pneumoniae,R,S,
BRA081,Brazil,K. pneumoniae,R,S,
BRA082,Brazil,K. pneumoniae,R,S,
BRA083,Brazil,K. pneumoniae,R,S,
BRA084,Brazil,K. pneumoniae,R,S,
BRA085,Brazil,K. pneumoniae,R,S,
BRA086,Brazil,K. pneumoniae,R,S,
BRA087,Brazil,K. pneumoniae,R,S,
BRA088,Brazil,K. pneumoniae,R,S,
BRA089,Brazil,K. pneumoniae,R,S,
BRA090,Brazil,K. pneumoniae,R,S,
BRA091,Brazil,K. pneumoniae,R,S,
BRA092,Brazil,K. pneumoniae,R,S,
BRA093,Brazil,K. pneumoniae,R,S,
BRA094,Brazil,K. pneumoniae,R,S,
BRA095,Brazil,K. pneumoniae,R,S,
BRA096,Brazil,K. pneumoniae,R,S,
BRA097,Brazil,K. pneumoniae,R,S,
BRA098,Brazil,K. pneumoniae,R,S,
BRA099,Brazil,K. pneumoniae,R,R,
BRA100,Brazil,K. pneumoniae,R,S,
BRA101,Brazil,E. coli,S,R,
BRA102,Brazil,E. coli,S,R,
BRA103,Brazil,E. coli,S,R,
BRA104,Brazil,E. coli,S,R,
BRA105,Brazil,E. coli,S,R,
BRA106,Brazil,E. coli,S,R,
BRA107,Brazil,E. coli,S,R,
BRA108,Brazil,E. coli,S,R,
BRA109,Brazil,E. coli,S,R,
BRA110,Brazil,E. coli,S,R,
BRA111,Brazil,E. coli,R,R,
BRA112,Brazil,E. coli,R,R,
BRA113,Brazil,E. coli,S,R,
BRA114,Brazil,E. coli,S,R,
BRA115,Brazil,E. coli,S,R,
BRA116,Brazil,E. coli,R,R,
BRA117,Brazil,E. coli,R,R,
BRA118,Brazil,E. coli,R,R,
BRA119,Brazil,E. coli,S,R,
BRA120,Brazil,E. coli,S,R,
BRA121,Brazil,E. coli,R,R,
BRA122,Brazil,E. coli,S,R,
BRA123,Brazil,E. coli,S,R,
BRA124,Brazil,E. coli,R,R,
BRA125,Brazil,E. coli,S,R,
BRA126,Brazil,E. coli,R,R,
BRA127,Brazil,E. coli,S,R,
BRA128,Brazil,E. coli,S,R,
BRA129,Brazil,E. coli,S,R,
BRA130,Brazil,E. coli,S,R,
BRA131,Brazil,E. coli,S,R,
BRA132,Brazil,E. coli,S,R,
BRA133,Brazil,E. coli,S,R,
BRA134,Brazil,E. coli,S,R,
BRA135,Brazil,E. coli,S,R,
BRA136,Brazil,E. coli,R,R,
BRA137,Brazil,E. coli,S,R,
BRA138,Brazil,E. coli,S,R,
BRA139,Brazil,E. coli,S,R,
BRA140,Brazil,E. coli,S,R,
BRA141,Brazil,E. coli,S,R,
BRA142,Brazil,E. coli,S,R,
BRA143,Brazil,E. coli,S,R,
BRA144,Brazil,E. coli,S,R,
BRA145,Brazil,E. coli,R,R,
BRA146,Brazil,E. coli,S,R,
BRA147,Brazil,E. coli,S,R,
BRA148,Brazil,E. coli,S,R,
BRA149,Brazil,E. coli,S,R,
BRA150,Brazil,E. coli,S,R,
BRA151,Brazil,K. pneumoniae,R,R,
BRA152,Brazil,K. pneumoniae,R,R,
BRA153,Brazil,K. pneumoniae,R,R,
BRA154,Brazil,K. pneumoniae,R,R,
BRA155,Brazil,K. pneumoniae,R,R,
BRA156,Brazil,K. pneumoniae,R,R,
BRA157,Brazil,K. pneumoniae,R,R,
BRA158,Brazil,K. pneumoniae,R,R,
BRA159,Brazil,K. pneumoniae,R,R,
BRA160,Brazil,K. pneumoniae,R,R,
BRA161,Brazil,K. pneumoniae,R,R,
BRA162,Brazil,K. pneumoniae,R,R,
BRA163,Brazil,K. pneumoniae,R,R,
BRA164,Brazil,K. pneumoniae,R,R,
BRA165,Brazil,K. pneumoniae,R,R,
BRA166,Brazil,K. pneumoniae,R,R,
BRA167,Brazil,K. pneumoniae,R,R,
BRA168,Brazil,K. pneumoniae,R,R,
BRA169,Brazil,K. pneumoniae,R,R,
BRA170,Brazil,K. pneumoniae,R,R,
BRA172,Brazil,K. pneumoniae,R,R,
BRA173,Brazil,K. pneumoniae,R,R,
BRA174,Brazil,K. pneumoniae,R,R,
BRA175,Brazil,K. pneumoniae,R,R,
BRA176,Brazil,K. pneumoniae,R,R,
BRA177,Brazil,K. pneumoniae,R,R,
BRA178,Brazil,K. pneumoniae,R,R,
BRA179,Brazil,K. pneumoniae,R,R,
BRA180,Brazil,K. pneumoniae,R,R,
BRA181,Brazil,K. pneumoniae,R,R,
BRA182,Brazil,K. pneumoniae,R,R,
BRA183,Brazil,K. pneumoniae,R,R,
BRA184,Brazil,K. pneumoniae,R,R,
BRA185,Brazil,K. pneumoniae,R,R,
BRA186,Brazil,K. pneumoniae,R,R,
BRA187,Brazil,K. pneumoniae,R,R,
BRA188,Brazil,K. pneumoniae,R,R,
BRA189,Brazil,K. pneumoniae,R,R,
BRA190,Brazil,K. pneumoniae,R,R,
BRA191,Brazil,K. pneumoniae,R,R,
BRA192,Brazil,K. pneumoniae,R,R,
BRA193,Brazil,K. pneumoniae,R,R,
BRA194,Brazil,K. pneumoniae,R,R,
BRA195,Brazil,K. pneumoniae,R,R,
BRA196,Brazil,K. pneumoniae,R,R,
BRA197,Brazil,K. pneumoniae,R,R,
BRA198,Brazil,K. pneumoniae,R,R,
BRA199,Brazil,K. pneumoniae,R,R,
BRA200,Brazil,K. pneumoniae,R,R,
BRA201,Brazil,E. coli,S,S,
BRA202,Brazil,E. coli,S,S,
BRA203,Brazil,E. coli,S,S,
BRA204,Brazil,E. coli,S,S,
BRA205,Brazil,E. coli,S,S,
BRA206,Brazil,E. coli,S,S,
BRA207,Brazil,E. coli,S,S,
BRA208,Brazil,E. coli,S,S,
BRA209,Brazil,E. coli,S,S,
BRA210,Brazil,E. coli,S,S,
BRA211,Brazil,E. coli,S,S,
BRA212,Brazil,E. coli,S,S,
BRA213,Brazil,E. coli,S,S,
BRA214,Brazil,E. coli,S,S,
BRA215,Brazil,E. coli,S,S,
BRA216,Brazil,E. coli,S,S,
BRA217,Brazil,E. coli,S,S,
BRA218,Brazil,E. coli,S,S,
BRA219,Brazil,E. coli,S,S,
BRA220,Brazil,E. coli,S,S,
BRA221,Brazil,E. coli,S,S,
BRA222,Brazil,E. coli,S,S,
BRA223,Brazil,E. coli,S,S,
BRA224,Brazil,E. coli,S,S,
BRA225,Brazil,E. coli,S,S,
BRA226,Brazil,E. coli,S,S,
BRA227,Brazil,E. coli,S,S,
BRA228,Brazil,E. coli,S,S,
BRA229,Brazil,E. coli,S,S,
BRA230,Brazil,E. coli,S,S,
BRA231,Brazil,E. coli,S,S,
BRA232,Brazil,E. coli,S,S,
BRA233,Brazil,E. coli,S,S,
BRA234,Brazil,E. coli,S,S,
BRA235,Brazil,E. coli,S,S,
BRA236,Brazil,E. coli,S,S,
BRA237,Brazil,E. coli,R,R,
BRA238,Brazil,E. coli,S,S,
BRA239,Brazil,E. coli,S,S,
BRA240,Brazil,E. coli,S,S,
BRA241,Brazil,E. coli,S,S,
BRA242,Brazil,E. coli,S,S,
BRA243,Brazil,E. coli,S,S,
BRA244,Brazil,E. coli,S,S,
BRA245,Brazil,E. coli,S,S,
BRA246,Brazil,E. coli,S,S,
BRA247,Brazil,E. coli,S,S,
BRA248,Brazil,E. coli,S,S,
BRA249,Brazil,E. coli,S,S,
BRA250,Brazil,E. coli,S,S,
BRA251,Brazil,K. pneumoniae,S,S,
BRA252,Brazil,K. pneumoniae,S,S,
BRA253,Brazil,K. pneumoniae,S,S,
BRA254,Brazil,K. pneumoniae,S,S,
BRA255,Brazil,K. pneumoniae,S,S,
BRA256,Brazil,K. pneumoniae,S,S,
BRA257,Brazil,K. pneumoniae,S,S,
BRA258,Brazil,K. pneumoniae,S,S,
BRA259,Brazil,K. pneumoniae,S,S,
BRA260,Brazil,K. pneumoniae,S,S,
BRA261,Brazil,K. pneumoniae,S,S,
BRA262,Brazil,K. pneumoniae,S,S,
BRA263,Brazil,K. pneumoniae,S,S,
BRA264,Brazil,K. pneumoniae,S,S,
BRA265,Brazil,K. pneumoniae,S,S,
BRA266,Brazil,K. pneumoniae,S,S,
BRA267,Brazil,K. pneumoniae,S,S,
BRA268,Brazil,K. pneumoniae,S,S,
BRA269,Brazil,K. pneumoniae,S,S,
BRA270,Brazil,K. pneumoniae,S,S,
BRA271,Brazil,K. pneumoniae,S,S,
BRA272,Brazil,K. pneumoniae,S,S,
BRA273,Brazil,K. pneumoniae,S,S,
BRA274,Brazil,K. pneumoniae,S,S,
BRA275,Brazil,K. pneumoniae,S,S,
BRA276,Brazil,K. pneumoniae,S,S,
BRA277,Brazil,K. pneumoniae,S,S,
BRA278,Brazil,K. pneumoniae,S,S,
BRA279,Brazil,K. pneumoniae,S,S,
BRA280,Brazil,K. pneumoniae,S,S,
BRA281,Brazil,K. pneumoniae,S,S,1
BRA282,Brazil,K. pneumoniae,S,S,
BRA283,Brazil,K. pneumoniae,S,S,
BRA284,Brazil,K. pneumoniae,S,S,
BRA285,Brazil,K. pneumoniae,S,S,
BRA286,Brazil,K. pneumoniae,S,S,
BRA287,Brazil,K. pneumoniae,S,S,
BRA288,Brazil,K. pneumoniae,S,S,
BRA289,Brazil,K. pneumoniae,S,S,
BRA290,Brazil,K. pneumoniae,S,S,
BRA291,Brazil,K. pneumoniae,S,S,
BRA292,Brazil,K. pneumoniae,S,S,
BRA293,Brazil,K. pneumoniae,S,S,
BRA294,Brazil,K. pneumoniae,S,S,
BRA295,Brazil,K. pneumoniae,S,S,
BRA296,Brazil,K. pneumoniae,R,R,
BRA297,Brazil,K. pneumoniae,S,S,
BRA298,Brazil,K. pneumoniae,S,S,
BRA299,Brazil,K. pneumoniae,S,S,
BRA300,Brazil,K. pneumoniae,S,S,
CHG001,Chicago,E. coli,S,S,
CHG002,Chicago,E. coli,S,S,
CHG003,Chicago,E. coli,S,S,
CHG004,Chicago,E. coli,S,S,
CHG005,Chicago,E. coli,S,S,
CHG006,Chicago,E. coli,S,S,
CHG007,Chicago,E. coli,S,S,
CHG008,Chicago,E. coli,S,S,
CHG009,Chicago,E. coli,S,S,
CHG010,Chicago,K. pneumoniae,S,S,
CHG011,Chicago,E. coli,S,S,
CHG012,Chicago,E. coli,S,S,
CHG013,Chicago,E. coli,S,S,
CHG014,Chicago,E. coli,S,S,
CHG015,Chicago,E. coli,S,S,
CHG016,Chicago,E. coli,S,S,
CHG017,Chicago,E. coli,S,S,
CHG018,Chicago,K. pneumoniae,S,S,
CHG019,Chicago,E. coli,S,S,
CHG020,Chicago,E. coli,S,S,
CHG021,Chicago,E. coli,S,S,
CHG022,Chicago,E. coli,S,S,
CHG023,Chicago,E. coli,S,S,
CHG024,Chicago,E. coli,S,S,
CHG025,Chicago,E. coli,S,S,
CHG026,Chicago,E. coli,S,S,
CHG027,Chicago,E. coli,S,S,
CHG028,Chicago,E. coli,R,S,
CHG029,Chicago,E. coli,R,S,
CHG030,Chicago,E. coli,R,R,
CHG031,Chicago,E. coli,R,R,
CHG032,Chicago,E. coli,R,S,
CHG033,Chicago,E. coli,R,R,
CHG034,Chicago,E. coli,R,S,
CHG035,Chicago,E. coli,R,R,
CHG036,Chicago,E. coli,R,S,
CHG037,Chicago,E. coli,R,R,
CHG038,Chicago,E. coli,R,S,
CHG039,Chicago,E. coli,R,S,
CHG040,Chicago,E. coli,R,R,
CHG041,Chicago,E. coli,R,S,
CHG042,Chicago,E. coli,R,S,
CHG043,Chicago,E. coli,R,R,
CHG044,Chicago,E. coli,R,S,
CHG045,Chicago,E. coli,R,R,
CHG046,Chicago,E. coli,R,S,
CHG047,Chicago,E. coli,R,S,
CHG048,Chicago,E. coli,S,S,
CHG049,Chicago,E. coli,S,S,
CHG050,Chicago,E. coli,S,S,
CHG051,Chicago,E. coli,S,S,
CHG052,Chicago,E. coli,S,S,
CHG053,Chicago,E. coli,S,S,
CHG054,Chicago,E. coli,S,S,
CHG055,Chicago,E. coli,S,S,
CHG056,Chicago,E. coli,S,S,
CHG057,Chicago,E. coli,S,S,
CHG058,Chicago,E. coli,S,S,
CHG059,Chicago,K. pneumoniae,S,S,
CHG060,Chicago,K. pneumoniae,S,S,
CHG062,Chicago,K. pneumoniae,S,S,
CHG063,Chicago,K. pneumoniae,R,R,
CHG064,Chicago,E. coli,R,R,
CHG065,Chicago,E. coli,R,S,
CHG066,Chicago,E. coli,R,S,
CHG067,Chicago,K. pneumoniae,R,R,
CHG068,Chicago,K. pneumoniae,S,R,
CHG069,Chicago,K. pneumoniae,R,R,
CHG070,Chicago,E. coli,R,S,
CHG071,Chicago,E. coli,R,S,
CHG072,Chicago,K. pneumoniae,R,S,
CHG073,Chicago,K. pneumoniae,S,S,
CHG074,Chicago,K. pneumoniae,S,S,
CHG075,Chicago,E. coli,R,S,
CHG076,Chicago,E. coli,R,S,
CHG077,Chicago,K. pneumoniae,S,S,
CHG078,Chicago,K. pneumoniae,S,S,
CHG079,Chicago,K. pneumoniae,S,S,
CHG080,Chicago,K. pneumoniae,S,S,
CHG081,Chicago,K. pneumoniae,S,S,
CHG082,Chicago,K. pneumoniae,S,S,
CHG083,Chicago,K. pneumoniae,S,S,
CHG084,Chicago,K. pneumoniae,S,S,
CHG085,Chicago,K. pneumoniae,S,S,
CHG086,Chicago,K. pneumoniae,S,S,
CHG087,Chicago,E. coli,S,S,
CHG089,Chicago,K. pneumoniae,S,S,
CHG090,Chicago,E. coli,S,R,
CHG091,Chicago,E. coli,S,R,
CHG092,Chicago,E. coli,S,R,
CHG093,Chicago,E. coli,S,R,
CHG094,Chicago,E. coli,S,R,
CHG095,Chicago,E. coli,R,R,
CHG096,Chicago,E. coli,S,R,
CHG097,Chicago,E. coli,S,R,
CHG099,Chicago,K. pneumoniae,S,S,
CHG100,Chicago,K. pneumoniae,S,S,
CHG101,Chicago,K. pneumoniae,S,S,
CHG102,Chicago,K. pneumoniae,S,S,
CHG103,Chicago,K. pneumoniae,S,S,
CHG104,Chicago,K. pneumoniae,S,S,
CHG105,Chicago,K. pneumoniae,S,S,
CHG106,Chicago,K. pneumoniae,S,S,
CHG107,Chicago,K. pneumoniae,S,S,
CHG108,Chicago,K. pneumoniae,S,S,
CHG109,Chicago,K. pneumoniae,S,S,
CHG110,Chicago,E. coli,S,S,
CHG111,Chicago,K. pneumoniae,S,S,
CHG112,Chicago,K. pneumoniae,S,S,
CHG113,Chicago,K. pneumoniae,S,S,
CHG114,Chicago,K. pneumoniae,S,S,
CHG115,Chicago,E. coli,R,R,
CHG116,Chicago,E. coli,R,S,
CHG117,Chicago,K. pneumoniae,S,S,
CHG118,Chicago,K. pneumoniae,R,S,
CHG119,Chicago,E. coli,S,R,
CHG120,Chicago,E. coli,S,R,
CHG121,Chicago,E. coli,R,R,
CHG122,Chicago,K. pneumoniae,S,S,
CHG123,Chicago,E. coli,R,S,
CHG124,Chicago,E. coli,R,S,
CHG125,Chicago,E. coli,,,
CHG126,Chicago,E. coli,R,S,
CHG127,Chicago,E. coli,S,R,
CHG128,Chicago,K. pneumoniae,S,S,
CHG129,Chicago,E. coli,S,R,
CHG130,Chicago,E. coli,R,R,
CHG131,Chicago,E. coli,S,R,
CHG132,Chicago,E. coli,R,R,
CHG133,Chicago,E. coli,R,R,
CHG134,Chicago,E. coli,S,R,
CHG135,Chicago,E. coli,R,R,
CHG136,Chicago,E. coli,R,R,
CHG137,Chicago,E. coli,S,R,
CHG138,Chicago,E. coli,R,R,
CHG139,Chicago,K. pneumoniae,R,S,
CHG140,Chicago,E. coli,R,S,
CHG141,Chicago,E. coli,R,S,
CHG142,Chicago,E. coli,S,R,
CHG143,Chicago,E. coli,S,R,
CHG144,Chicago,E. coli,S,R,
CHG145,Chicago,E. coli,R,R,
CHG146,Chicago,E. coli,R,R,
CHG147,Chicago,E. coli,S,R,
CHG148,Chicago,E. coli,R,R,
CHG149,Chicago,E. coli,S,R,
CHG150,Chicago,E. coli,R,R,
CHG151,Chicago,E. coli,S,R,
CHG153,Chicago,E. coli,S,R,
CHG154,Chicago,E. coli,R,S,
CHG155,Chicago,K. pneumoniae,R,S,
CHG156,Chicago,E. coli,R,S,
CHG157,Chicago,E. coli,R,R,
CHG158,Chicago,E. coli,R,R,
CHG159,Chicago,E. coli,R,R,
CHG160,Chicago,E. coli,R,S,
CHG161,Chicago,E. coli,R,S,
CHG162,Chicago,E. coli,R,S,
CHG163,Chicago,K. pneumoniae,R,R,
CHG164,Chicago,K. pneumoniae,R,S,
CHG165,Chicago,K. pneumoniae,R,S,
CHG166,Chicago,K. pneumoniae,R,R,
CHG167,Chicago,K. pneumoniae,R,S,
CHG168,Chicago,K. pneumoniae,R,S,
CHG169,Chicago,K. pneumoniae,R,S,
CHG170,Chicago,K. pneumoniae,R,R,
CHG171,Chicago,K. pneumoniae,R,R,
CHG172,Chicago,K. pneumoniae,R,S,
CHG173,Chicago,K. pneumoniae,R,R,
CHG174,Chicago,K. pneumoniae,R,R,
CHG175,Chicago,K. pneumoniae,R,R,
CHG176,Chicago,K. pneumoniae,R,S,
CHG177,Chicago,K. pneumoniae,S,S,
CHG178,Chicago,K. pneumoniae,R,S,
CHG179,Chicago,K. pneumoniae,R,R,
CHG180,Chicago,K. pneumoniae,R,S,
CHG181,Chicago,K. pneumoniae,R,S,
CHG182,Chicago,K. pneumoniae,R,S,
CHG183,Chicago,K. pneumoniae,R,R,
CHG184,Chicago,K. pneumoniae,R,R,
CHG185,Chicago,K. pneumoniae,R,R,
CHG186,Chicago,K. pneumoniae,S,S,
CHG187,Chicago,K. pneumoniae,R,S,
CHG188,Chicago,K. pneumoniae,S,R,
CHG189,Chicago,K. pneumoniae,S,S,
CHG190,Chicago,K. pneumoniae,S,S,
CHG191,Chicago,K. pneumoniae,R,R,
CHG192,Chicago,K. pneumoniae,R,R,
CHG193,Chicago,K. pneumoniae,R,S,
CHG194,Chicago,K. pneumoniae,R,R,
CHG195,Chicago,K. pneumoniae,R,R,
CHG196,Chicago,K. pneumoniae,R,S,
CHG197,Chicago,K. pneumoniae,R,R,
CHG198,Chicago,K. pneumoniae,R,S,
CHG199,Chicago,K. pneumoniae,R,S,
CHG200,Chicago,K. pneumoniae,R,R,
CHG201,Chicago,K. pneumoniae,R,S,
ITA001,Italy,E. coli,S,S,
ITA002,Italy,E. coli,R,R,
ITA003,Italy,E. coli,R,S,
ITA004,Italy,E. coli,R,R,
ITA005,Italy,E. coli,R,R,
ITA006,Italy,E. coli,R,R,
ITA007,Italy,E. coli,S,S,
ITA008,Italy,E. coli,R,R,
ITA009,Italy,E. coli,R,S,
ITA010,Italy,E. coli,R,S,
ITA011,Italy,E. coli,R,R,
ITA012,Italy,E. coli,R,S,
ITA013,Italy,E. coli,R,R,
ITA014,Italy,E. coli,R,S,
ITA015,Italy,E. coli,R,R,
ITA016,Italy,E. coli,R,S,
ITA017,Italy,E. coli,S,R,
ITA018,Italy,E. coli,R,S,
ITA019,Italy,E. coli,R,S,
ITA020,Italy,E. coli,R,S,
ITA021,Italy,E. coli,R,R,
ITA022,Italy,E. coli,R,R,
ITA023,Italy,E. coli,R,R,
ITA024,Italy,E. coli,R,R,
ITA025,Italy,E. coli,R,S,
ITA026,Italy,E. coli,R,S,
ITA027,Italy,E. coli,R,S,
ITA028,Italy,E. coli,R,R,
ITA029,Italy,E. coli,R,R,
ITA030,Italy,E. coli,R,S,
ITA031,Italy,E. coli,R,S,
ITA032,Italy,E. coli,R,R,
ITA033,Italy,E. coli,R,R,
ITA034,Italy,E. coli,R,R,
ITA035,Italy,E. coli,R,R,
ITA036,Italy,E. coli,R,S,
ITA037,Italy,E. coli,R,S,
ITA038,Italy,E. coli,R,S,
ITA039,Italy,E. coli,R,S,
ITA040,Italy,E. coli,R,R,
ITA041,Italy,E. coli,R,R,
ITA042,Italy,E. coli,R,S,
ITA043,Italy,E. coli,R,S,
ITA044,Italy,E. coli,R,S,
ITA045,Italy,E. coli,R,S,
ITA046,Italy,E. coli,R,S,
ITA047,Italy,E. coli,R,S,
ITA048,Italy,E. coli,R,R,
ITA049,Italy,E. coli,R,R,
ITA050,Italy,E. coli,R,R,
ITA051,Italy,E. coli,R,R,
ITA052,Italy,E. coli,R,S,
ITA053,Italy,E. coli,R,S,
ITA054,Italy,E. coli,R,S,
ITA055,Italy,E. coli,R,R,
ITA056,Italy,E. coli,R,R,
ITA057,Italy,E. coli,R,R,
ITA058,Italy,E. coli,R,R,
ITA059,Italy,E. coli,R,R,
ITA060,Italy,E. coli,R,R,
ITA061,Italy,E. coli,R,S,
ITA062,Italy,E. coli,R,R,
ITA063,Italy,E. coli,R,R,
ITA064,Italy,E. coli,S,R,
ITA065,Italy,E. coli,R,S,
ITA066,Italy,E. coli,R,R,
ITA067,Italy,E. coli,R,S,
ITA068,Italy,E. coli,R,R,
ITA069,Italy,E. coli,S,R,
ITA070,Italy,E. coli,R,R,
ITA071,Italy,E. coli,R,R,
ITA072,Italy,E. coli,R,R,
ITA073,Italy,E. coli,R,S,
ITA074,Italy,E. coli,S,R,
ITA075,Italy,E. coli,R,R,
ITA076,Italy,E. coli,R,R,
ITA077,Italy,E. coli,R,R,
ITA078,Italy,E. coli,R,S,
ITA079,Italy,E. coli,R,R,
ITA080,Italy,E. coli,R,S,
ITA081,Italy,E. coli,R,S,
ITA082,Italy,E. coli,R,S,
ITA083,Italy,E. coli,R,R,
ITA084,Italy,E. coli,R,S,
ITA085,Italy,E. coli,R,S,
ITA086,Italy,E. coli,R,R,
ITA087,Italy,E. coli,R,R,
ITA088,Italy,E. coli,R,S,
ITA089,Italy,E. coli,R,R,
ITA090,Italy,E. coli,R,S,
ITA091,Italy,E. coli,R,R,
ITA092,Italy,E. coli,R,R,
ITA093,Italy,E. coli,R,S,
ITA094,Italy,E. coli,R,S,
ITA095,Italy,E. coli,R,R,
ITA096,Italy,E. coli,R,R,
ITA097,Italy,E. coli,R,R,
ITA098,Italy,E. coli,R,R,
ITA099,Italy,E. coli,R,R,
ITA100,Italy,E. coli,R,S,
ITA101,Italy,K. pneumoniae,R,S,
ITA102,Italy,K. pneumoniae,R,R,
ITA103,Italy,K. pneumoniae,S,S,
ITA104,Italy,K. pneumoniae,R,R,
ITA105,Italy,K. pneumoniae,R,S,
ITA106,Italy,K. pneumoniae,S,S,
ITA107,Italy,K. pneumoniae,R,R,
ITA108,Italy,K. pneumoniae,R,R,
ITA109,Italy,K. pneumoniae,R,R,
ITA110,Italy,K. pneumoniae,R,S,
ITA111,Italy,K. pneumoniae,R,S,
ITA112,Italy,K. pneumoniae,R,R,
ITA113,Italy,K. pneumoniae,R,R,
ITA114,Italy,K. pneumoniae,R,S,
ITA115,Italy,K. pneumoniae,R,R,
ITA116,Italy,K. pneumoniae,R,R,
ITA117,Italy,K. pneumoniae,R,R,
ITA118,Italy,K. pneumoniae,R,R,
ITA119,Italy,K. pneumoniae,R,S,
ITA120,Italy,K. pneumoniae,,,
ITA121,Italy,K. pneumoniae,R,S,
ITA122,Italy,K. pneumoniae,R,R,
ITA123,Italy,K. pneumoniae,R,S,
ITA124,Italy,K. pneumoniae,R,S,
ITA125,Italy,K. pneumoniae,R,S,
ITA126,Italy,K. pneumoniae,,,
ITA127,Italy,K. pneumoniae,R,S,
ITA128,Italy,K. pneumoniae,R,R,
ITA129,Italy,K. pneumoniae,R,R,
ITA130,Italy,K. pneumoniae,,,
ITA131,Italy,K. pneumoniae,R,R,
ITA132,Italy,K. pneumoniae,R,S,
ITA133,Italy,K. pneumoniae,R,S,
ITA134,Italy,K. pneumoniae,R,R,
ITA135,Italy,K. pneumoniae,R,R,
ITA136,Italy,K. pneumoniae,R,R,
ITA137,Italy,K. pneumoniae,,,
ITA138,Italy,K. pneumoniae,,,
ITA139,Italy,K. pneumoniae,R,S,
ITA140,Italy,K. pneumoniae,R,S,
ITA141,Italy,K. pneumoniae,R,S,
ITA142,Italy,K. pneumoniae,R,S,
ITA143,Italy,K. pneumoniae,R,R,
ITA144,Italy,K. pneumoniae,R,S,
ITA145,Italy,K. pneumoniae,R,S,
ITA146,Italy,K. pneumoniae,R,R,
ITA147,Italy,K. pneumoniae,R,S,
ITA148,Italy,K. pneumoniae,R,S,
ITA149,Italy,K. pneumoniae,R,S,
ITA150,Italy,K. pneumoniae,R,S,
ITA151,Italy,K. pneumoniae,R,S,
ITA152,Italy,K. pneumoniae,R,S,
ITA153,Italy,K. pneumoniae,R,S,
ITA154,Italy,K. pneumoniae,R,R,
ITA155,Italy,K. pneumoniae,R,S,
ITA156,Italy,K. pneumoniae,R,S,
ITA157,Italy,K. pneumoniae,R,S,
ITA158,Italy,K. pneumoniae,R,S,
ITA159,Italy,K. pneumoniae,R,S,
ITA160,Italy,K. pneumoniae,R,S,
ITA161,Italy,K. pneumoniae,R,S,
ITA162,Italy,K. pneumoniae,R,S,
ITA163,Italy,K. pneumoniae,R,S,
ITA164,Italy,K. pneumoniae,R,S,
ITA165,Italy,K. pneumoniae,R,R,
ITA166,Italy,K. pneumoniae,R,R,
ITA167,Italy,K. pneumoniae,R,S,
ITA168,Italy,K. pneumoniae,R,R,
ITA169,Italy,K. pneumoniae,R,S,
ITA170,Italy,K. pneumoniae,R,S,
ITA171,Italy,K. pneumoniae,R,S,
ITA172,Italy,K. pneumoniae,R,S,
ITA173,Italy,K. pneumoniae,R,S,
ITA174,Italy,K. pneumoniae,R,S,
ITA175,Italy,K. pneumoniae,R,S,
ITA176,Italy,K. pneumoniae,R,R,
ITA177,Italy,K. pneumoniae,R,S,
ITA178,Italy,K. pneumoniae,R,R,
ITA179,Italy,K. pneumoniae,R,R,
ITA180,Italy,K. pneumoniae,R,S,
ITA181,Italy,K. pneumoniae,R,R,
ITA182,Italy,K. pneumoniae,R,S,
ITA183,Italy,K. pneumoniae,R,S,
ITA184,Italy,K. pneumoniae,R,S,
ITA185,Italy,K. pneumoniae,R,S,
ITA186,Italy,K. pneumoniae,R,S,
ITA187,Italy,K. pneumoniae,R,S,
ITA188,Italy,K. pneumoniae,R,S,
ITA189,Italy,K. pneumoniae,S,S,
ITA190,Italy,K. pneumoniae,R,S,
ITA191,Italy,K. pneumoniae,R,S,
ITA192,Italy,K. pneumoniae,R,S,
ITA193,Italy,K. pneumoniae,R,R,
ITA194,Italy,K. pneumoniae,R,S,
ITA195,Italy,K. pneumoniae,R,S,
ITA196,Italy,K. pneumoniae,R,S,
ITA197,Italy,K. pneumoniae,R,S,
ITA198,Italy,K. pneumoniae,R,R,
ITA199,Italy,K. pneumoniae,R,S,
ITA200,Italy,K. pneumoniae,R,S,
ITA201,Italy,E. coli,S,R,
ITA202,Italy,E. coli,R,R,
ITA203,Italy,E. coli,R,R,
ITA204,Italy,E. coli,R,R,
ITA205,Italy,E. coli,R,R,
ITA206,Italy,E. coli,R,R,
ITA207,Italy,E. coli,S,R,
ITA208,Italy,E. coli,S,R,
ITA209,Italy,E. coli,R,R,
ITA210,Italy,E. coli,S,R,
ITA211,Italy,E. coli,R,R,
ITA212,Italy,E. coli,S,R,
ITA213,Italy,E. coli,S,R,
ITA214,Italy,E. coli,R,R,
ITA215,Italy,E. coli,R,R,
ITA216,Italy,E. coli,R,R,
ITA217,Italy,E. coli,R,R,
ITA218,Italy,E. coli,R,R,
ITA219,Italy,E. coli,S,R,
ITA220,Italy,E. coli,R,R,
ITA221,Italy,E. coli,R,R,
ITA222,Italy,E. coli,R,R,
ITA223,Italy,E. coli,R,R,
ITA224,Italy,E. coli,S,R,
ITA225,Italy,E. coli,R,R,
ITA226,Italy,E. coli,R,R,
ITA227,Italy,E. coli,S,S,
ITA228,Italy,E. coli,S,R,
ITA229,Italy,E. coli,R,R,
ITA230,Italy,E. coli,R,R,
ITA231,Italy,E. coli,S,R,
ITA232,Italy,E. coli,R,R,
ITA233,Italy,E. coli,R,R,
ITA234,Italy,E. coli,R,R,
ITA235,Italy,E. coli,R,R,
ITA236,Italy,E. coli,R,R,
ITA237,Italy,E. coli,S,R,
ITA238,Italy,E. coli,R,R,
ITA239,Italy,E. coli,R,R,
ITA240,Italy,E. coli,R,R,
ITA241,Italy,E. coli,R,R,
ITA242,Italy,E. coli,R,R,
ITA243,Italy,E. coli,S,R,
ITA244,Italy,E. coli,R,S,
ITA245,Italy,E. coli,R,R,
ITA246,Italy,E. coli,R,S,
ITA247,Italy,E. coli,R,R,
ITA248,Italy,E. coli,S,R,
ITA249,Italy,E. coli,R,R,
ITA250,Italy,E. coli,R,R,
ITA251,Italy,E. coli,R,R,
ITA252,Italy,E. coli,R,R,
ITA253,Italy,E. coli,R,R,
ITA254,Italy,E. coli,R,R,
ITA255,Italy,E. coli,R,R,
ITA256,Italy,E. coli,R,R,
ITA257,Italy,E. coli,R,R,
ITA258,Italy,E. coli,S,R,
ITA259,Italy,E. coli,R,R,
ITA260,Italy,E. coli,S,R,
ITA261,Italy,E. coli,R,S,
ITA262,Italy,E. coli,R,R,
ITA263,Italy,E. coli,S,R,
ITA264,Italy,E. coli,R,R,
ITA265,Italy,E. coli,R,R,
ITA266,Italy,E. coli,R,R,
ITA267,Italy,E. coli,R,R,
ITA268,Italy,E. coli,R,R,
ITA269,Italy,E. coli,R,R,
ITA270,Italy,E. coli,R,R,
ITA271,Italy,E. coli,R,R,
ITA272,Italy,E. coli,S,R,
ITA273,Italy,E. coli,R,R,
ITA274,Italy,E. coli,R,R,
ITA275,Italy,E. coli,R,R,
ITA276,Italy,E. coli,R,R,
ITA277,Italy,E. coli,S,R,
ITA278,Italy,E. coli,R,R,
ITA279,Italy,E. coli,R,R,
ITA280,Italy,E. coli,R,R,
ITA281,Italy,E. coli,R,R,
ITA282,Italy,E. coli,R,R,
ITA283,Italy,E. coli,R,R,
ITA284,Italy,E. coli,S,R,
ITA285,Italy,E. coli,S,R,
ITA286,Italy,E. coli,R,R,
ITA287,Italy,E. coli,R,R,
ITA288,Italy,E. coli,R,R,
ITA289,Italy,E. coli,R,R,
ITA290,Italy,E. coli,R,R,
ITA291,Italy,E. coli,R,R,
ITA292,Italy,E. coli,R,R,
ITA293,Italy,E. coli,R,R,
ITA294,Italy,E. coli,R,R,
ITA295,Italy,E. coli,R,R,
ITA296,Italy,E. coli,S,R,
ITA297,Italy,E. coli,R,R,
ITA298,Italy,E. coli,R,R,
ITA299,Italy,E. coli,R,R,
ITA300,Italy,E. coli,R,R,
ITA301,Italy,K. pneumoniae,R,R,
ITA302,Italy,K. pneumoniae,R,R,
ITA303,Italy,K. pneumoniae,S,R,
ITA304,Italy,K. pneumoniae,R,R,
ITA305,Italy,K. pneumoniae,R,R,
ITA306,Italy,K. pneumoniae,S,R,
ITA307,Italy,K. pneumoniae,R,R,
ITA308,Italy,K. pneumoniae,R,R,
ITA309,Italy,K. pneumoniae,R,R,
ITA310,Italy,K. pneumoniae,R,R,
ITA311,Italy,K. pneumoniae,R,R,
ITA312,Italy,K. pneumoniae,R,R,
ITA313,Italy,K. pneumoniae,R,R,
ITA314,Italy,K. pneumoniae,R,R,
ITA315,Italy,K. pneumoniae,R,R,
ITA316,Italy,K. pneumoniae,R,R,
ITA317,Italy,K. pneumoniae,R,R,
ITA318,Italy,K. pneumoniae,R,R,
ITA319,Italy,K. pneumoniae,R,R,
ITA320,Italy,K. pneumoniae,R,R,
ITA321,Italy,K. pneumoniae,S,R,
ITA322,Italy,K. pneumoniae,S,R,
ITA323,Italy,K. pneumoniae,R,R,
ITA324,Italy,K. pneumoniae,R,R,
ITA325,Italy,K. pneumoniae,R,R,
ITA326,Italy,K. pneumoniae,R,R,
ITA327,Italy,K. pneumoniae,R,S,
ITA328,Italy,K. pneumoniae,R,R,
ITA329,Italy,K. pneumoniae,R,R,
ITA330,Italy,K. pneumoniae,R,R,
ITA331,Italy,K. pneumoniae,R,S,
ITA332,Italy,K. pneumoniae,R,S,
ITA333,Italy,K. pneumoniae,R,S,
ITA334,Italy,K. pneumoniae,R,R,
ITA335,Italy,K. pneumoniae,R,R,
ITA336,Italy,K. pneumoniae,R,R,
ITA337,Italy,K. pneumoniae,R,S,
ITA338,Italy,K. pneumoniae,R,R,
ITA339,Italy,K. pneumoniae,R,R,
ITA340,Italy,K. pneumoniae,R,R,
ITA341,Italy,K. pneumoniae,R,S,
ITA342,Italy,K. pneumoniae,R,R,
ITA343,Italy,K. pneumoniae,R,R,
ITA344,Italy,K. pneumoniae,R,R,
ITA345,Italy,K. pneumoniae,S,S,
ITA346,Italy,K. pneumoniae,S,S,
ITA347,Italy,K. pneumoniae,R,R,
ITA348,Italy,K. pneumoniae,R,R,
ITA349,Italy,K. pneumoniae,R,R,
ITA350,Italy,K. pneumoniae,R,R,
ITA351,Italy,E. coli,S,S,
ITA352,Italy,E. coli,S,S,
ITA353,Italy,E. coli,S,S,
ITA354,Italy,E. coli,S,S,
ITA355,Italy,E. coli,S,S,
ITA356,Italy,E. coli,S,S,
ITA357,Italy,E. coli,S,S,
ITA358,Italy,E. coli,S,S,
ITA359,Italy,E. coli,S,S,
ITA360,Italy,E. coli,S,S,
ITA361,Italy,E. coli,S,S,
ITA362,Italy,E. coli,S,S,
ITA363,Italy,E. coli,S,S,
ITA364,Italy,E. coli,S,S,
ITA365,Italy,E. coli,S,S,
ITA366,Italy,E. coli,S,S,
ITA367,Italy,E. coli,S,S,
ITA368,Italy,E. coli,S,S,
ITA369,Italy,E. coli,R,R,
ITA370,Italy,E. coli,R,R,
ITA371,Italy,E. coli,S,S,
ITA372,Italy,E. coli,S,S,
ITA373,Italy,E. coli,S,S,
ITA374,Italy,E. coli,S,S,
ITA375,Italy,E. coli,S,S,
ITA376,Italy,E. coli,S,S,
ITA377,Italy,E. coli,S,S,
ITA378,Italy,E. coli,S,S,
ITA379,Italy,E. coli,S,S,
ITA380,Italy,E. coli,S,S,
ITA381,Italy,E. coli,S,S,
ITA382,Italy,E. coli,S,S,
ITA383,Italy,E. coli,S,S,
ITA384,Italy,E. coli,S,S,
ITA385,Italy,E. coli,S,S,
ITA386,Italy,E. coli,S,S,
ITA387,Italy,E. coli,S,S,
ITA388,Italy,E. coli,S,S,
ITA389,Italy,E. coli,S,S,
ITA390,Italy,E. coli,S,S,
ITA391,Italy,E. coli,S,S,
ITA392,Italy,E. coli,S,S,
ITA393,Italy,E. coli,S,S,
ITA394,Italy,E. coli,S,S,
ITA395,Italy,E. coli,S,S,
ITA396,Italy,E. coli,S,S,
ITA397,Italy,E. coli,S,S,
ITA398,Italy,E. coli,S,S,
ITA399,Italy,E. coli,S,S,
ITA400,Italy,E. coli,R,R,
ITA401,Italy,K. pneumoniae,R,R,
ITA402,Italy,K. pneumoniae,R,R,
ITA403,Italy,K. pneumoniae,R,R,
ITA404,Italy,K. pneumoniae,R,R,
ITA405,Italy,K. pneumoniae,R,S,
ITA406,Italy,K. pneumoniae,R,R,
ITA407,Italy,K. pneumoniae,R,R,
ITA408,Italy,K. pneumoniae,R,S,
ITA409,Italy,K. pneumoniae,R,S,
ITA410,Italy,K. pneumoniae,R,S,
ITA411,Italy,K. pneumoniae,R,S,
ITA412,Italy,K. pneumoniae,R,S,
ITA413,Italy,K. pneumoniae,R,R,
ITA414,Italy,K. pneumoniae,R,R,
ITA415,Italy,K. pneumoniae,R,R,
ITA416,Italy,K. pneumoniae,R,R,
ITA417,Italy,K. pneumoniae,R,R,
ITA418,Italy,K. pneumoniae,R,S,
ITA419,Italy,K. pneumoniae,R,R,
ITA420,Italy,K. pneumoniae,R,R,
ITA421,Italy,K. pneumoniae,R,S,
ITA422,Italy,K. pneumoniae,R,S,
ITA423,Italy,K. pneumoniae,R,S,
ITA424,Italy,K. pneumoniae,S,S,
ITA425,Italy,K. pneumoniae,S,S,
ITA426,Italy,K. pneumoniae,R,R,
ITA427,Italy,K. pneumoniae,S,S,
ITA428,Italy,K. pneumoniae,S,S,
ITA429,Italy,K. pneumoniae,S,S,
ITA430,Italy,K. pneumoniae,S,S,
ITA431,Italy,K. pneumoniae,S,S,
ITA432,Italy,K. pneumoniae,S,S,
ITA433,Italy,K. pneumoniae,S,S,
ITA434,Italy,K. pneumoniae,S,S,
ITA435,Italy,K. pneumoniae,S,S,
ITA436,Italy,K. pneumoniae,R,R,
ITA437,Italy,K. pneumoniae,S,S,
ITA438,Italy,K. pneumoniae,S,S,
ITA439,Italy,K. pneumoniae,S,S,
ITA440,Italy,K. pneumoniae,S,S,
ITA441,Italy,K. pneumoniae,S,S,
ITA442,Italy,K. pneumoniae,S,S,
ITA443,Italy,K. pneumoniae,R,S,
ITA444,Italy,K. pneumoniae,R,R,
ITA445,Italy,K. pneumoniae,R,S,
ITA446,Italy,K. pneumoniae,R,S,
ITA447,Italy,K. pneumoniae,R,S,
ITA448,Italy,K. pneumoniae,R,R,
ITA449,Italy,K. pneumoniae,R,R,
ITA450,Italy,K. pneumoniae,S,S,
NEP001,Nepal,E. coli,R,R,
NEP002,Nepal,E. coli,R,R,
NEP003,Nepal,E. coli,R,R,
NEP004,Nepal,E. coli,R,R,
NEP005,Nepal,E. coli,R,R,
NEP006,Nepal,E. coli,R,R,
NEP007,Nepal,E. coli,R,R,
NEP008,Nepal,E. coli,R,R,
NEP009,Nepal,E. coli,R,R,
NEP010,Nepal,E. coli,R,R,
NEP011,Nepal,E. coli,R,R,
NEP012,Nepal,E. coli,R,R,
NEP013,Nepal,E. coli,R,R,
NEP014,Nepal,E. coli,R,R,
NEP015,Nepal,E. coli,R,R,
NEP016,Nepal,E. coli,R,R,
NEP017,Nepal,E. coli,R,R,
NEP018,Nepal,E. coli,R,R,
NEP019,Nepal,E. coli,R,R,
NEP020,Nepal,E. coli,R,R,
NEP021,Nepal,E. coli,R,R,
NEP022,Nepal,E. coli,R,R,
NEP023,Nepal,E. coli,R,R,
NEP024,Nepal,E. coli,R,R,
NEP025,Nepal,E. coli,R,R,
NEP026,Nepal,E. coli,R,R,
NEP027,Nepal,E. coli,R,R,
NEP028,Nepal,E. coli,R,R,
NEP029,Nepal,E. coli,R,R,
NEP030,Nepal,E. coli,R,R,
NEP031,Nepal,E. coli,R,R,
NEP032,Nepal,E. coli,R,R,
NEP033,Nepal,E. coli,R,R,
NEP034,Nepal,E. coli,R,R,
NEP035,Nepal,E. coli,R,R,
NEP036,Nepal,E. coli,R,R,
NEP037,Nepal,E. coli,R,R,
NEP038,Nepal,E. coli,R,R,
NEP039,Nepal,E. coli,R,R,
NEP040,Nepal,E. coli,R,R,
NEP041,Nepal,E. coli,R,R,
NEP042,Nepal,E. coli,R,R,
NEP043,Nepal,E. coli,R,R,
NEP044,Nepal,E. coli,R,R,
NEP045,Nepal,E. coli,R,R,
NEP046,Nepal,E. coli,R,R,
NEP047,Nepal,E. coli,R,R,
NEP048,Nepal,E. coli,R,R,
NEP049,Nepal,E. coli,R,R,
NEP050,Nepal,E. coli,R,R,
NEP051,Nepal,E. coli,R,R,
NEP052,Nepal,E. coli,R,S,
NEP053,Nepal,E. coli,R,S,
NEP054,Nepal,E. coli,R,S,
NEP055,Nepal,E. coli,R,S,
NEP056,Nepal,E. coli,R,S,
NEP057,Nepal,E. coli,R,S,
NEP058,Nepal,E. coli,R,S,
NEP059,Nepal,E. coli,R,S,
NEP060,Nepal,E. coli,R,S,
NEP061,Nepal,E. coli,R,S,
NEP062,Nepal,E. coli,R,S,
NEP063,Nepal,E. coli,R,S,
NEP064,Nepal,E. coli,R,S,
NEP065,Nepal,E. coli,R,S,
NEP066,Nepal,E. coli,R,S,
NEP067,Nepal,E. coli,R,S,
NEP068,Nepal,E. coli,R,S,
NEP069,Nepal,E. coli,R,S,
NEP070,Nepal,E. coli,R,S,
NEP071,Nepal,E. coli,R,S,
NEP072,Nepal,E. coli,R,S,
NEP073,Nepal,E. coli,R,S,
NEP074,Nepal,E. coli,R,S,
NEP075,Nepal,E. coli,R,S,
NEP076,Nepal,E. coli,R,S,
NEP077,Nepal,E. coli,R,S,
NEP078,Nepal,E. coli,R,S,
NEP079,Nepal,E. coli,R,S,
NEP080,Nepal,E. coli,R,S,
NEP081,Nepal,E. coli,R,S,
NEP082,Nepal,E. coli,R,S,
NEP083,Nepal,E. coli,R,S,
NEP084,Nepal,E. coli,R,S,
NEP085,Nepal,E. coli,R,S,
NEP086,Nepal,E. coli,R,S,
NEP087,Nepal,E. coli,R,S,
NEP088,Nepal,E. coli,R,S,
NEP089,Nepal,E. coli,R,S,
NEP090,Nepal,E. coli,R,S,
NEP091,Nepal,E. coli,R,S,
NEP092,Nepal,E. coli,R,S,
NEP093,Nepal,E. coli,R,S,
NEP094,Nepal,E. coli,R,S,
NEP095,Nepal,E. coli,R,S,
NEP096,Nepal,E. coli,R,S,
NEP097,Nepal,E. coli,R,S,
NEP098,Nepal,E. coli,R,S,
NEP099,Nepal,E. coli,R,S,
NEP100,Nepal,E. coli,R,S,
NEP101,Nepal,E. coli,R,S,
NEP102,Nepal,E. coli,R,S,
NEP103,Nepal,E. coli,R,S,
NEP104,Nepal,E. coli,R,S,
NEP105,Nepal,E. coli,R,S,
NEP106,Nepal,E. coli,R,S,
NEP107,Nepal,E. coli,R,S,
NEP108,Nepal,E. coli,R,S,
NEP109,Nepal,E. coli,R,S,
NEP110,Nepal,E. coli,R,S,
NEP111,Nepal,E. coli,R,S,
NEP112,Nepal,E. coli,R,S,
NEP113,Nepal,E. coli,R,S,
NEP114,Nepal,E. coli,R,S,
NEP115,Nepal,E. coli,R,S,
NEP116,Nepal,E. coli,S,S,
NEP117,Nepal,E. coli,S,S,
NEP118,Nepal,E. coli,S,S,
NEP119,Nepal,E. coli,S,S,
NEP120,Nepal,E. coli,S,S,
NEP121,Nepal,E. coli,S,S,
NEP122,Nepal,E. coli,S,S,
NEP123,Nepal,E. coli,S,S,
NEP124,Nepal,E. coli,S,S,
NEP125,Nepal,E. coli,S,S,
NEP126,Nepal,E. coli,S,S,
NEP127,Nepal,E. coli,S,S,
NEP128,Nepal,K. pneumoniae,R,R,
NEP129,Nepal,K. pneumoniae,R,R,
NEP130,Nepal,K. pneumoniae,R,R,
NEP131,Nepal,K. pneumoniae,R,R,
NEP132,Nepal,K. pneumoniae,R,R,
NEP133,Nepal,K. pneumoniae,R,R,
NEP134,Nepal,K. pneumoniae,R,R,
NEP135,Nepal,K. pneumoniae,R,R,
NEP136,Nepal,K. pneumoniae,R,R,
NEP137,Nepal,K. pneumoniae,R,R,
NEP138,Nepal,K. pneumoniae,R,R,
NEP139,Nepal,K. pneumoniae,R,R,
NEP140,Nepal,K. pneumoniae,R,R,
NEP141,Nepal,K. pneumoniae,R,R,
NEP142,Nepal,K. pneumoniae,R,R,
NEP143,Nepal,K. pneumoniae,R,R,
NEP144,Nepal,K. pneumoniae,R,R,
NEP145,Nepal,K. pneumoniae,R,R,
NEP146,Nepal,K. pneumoniae,R,R,
NEP147,Nepal,K. pneumoniae,R,R,
NEP148,Nepal,K. pneumoniae,R,R,
NEP149,Nepal,K. pneumoniae,R,R,
NEP150,Nepal,K. pneumoniae,R,R,
NEP151,Nepal,K. pneumoniae,R,R,
NEP152,Nepal,K. pneumoniae,R,R,
NEP153,Nepal,K. pneumoniae,R,R,
NEP154,Nepal,K. pneumoniae,R,R,
NEP155,Nepal,K. pneumoniae,R,R,
NEP156,Nepal,K. pneumoniae,R,R,
NEP157,Nepal,K. pneumoniae,R,R,
NEP158,Nepal,K. pneumoniae,R,R,
NEP159,Nepal,K. pneumoniae,R,R,
NEP160,Nepal,K. pneumoniae,R,R,
NEP161,Nepal,K. pneumoniae,R,R,
NEP162,Nepal,K. pneumoniae,R,R,
NEP163,Nepal,K. pneumoniae,R,R,
NEP164,Nepal,K. pneumoniae,R,R,
NEP165,Nepal,K. pneumoniae,R,R,
NEP166,Nepal,K. pneumoniae,R,R,
NEP167,Nepal,K. pneumoniae,R,R,
NEP168,Nepal,K. pneumoniae,R,R,
NEP169,Nepal,K. pneumoniae,R,R,
NEP170,Nepal,K. pneumoniae,R,R,
NEP171,Nepal,K. pneumoniae,R,R,
NEP172,Nepal,K. pneumoniae,R,R,
NEP173,Nepal,K. pneumoniae,R,R,
NEP174,Nepal,K. pneumoniae,R,R,
NEP175,Nepal,K. pneumoniae,R,R,
NEP176,Nepal,K. pneumoniae,R,R,
NEP177,Nepal,K. pneumoniae,R,R,
NEP178,Nepal,K. pneumoniae,R,R,
NEP179,Nepal,K. pneumoniae,R,R,
NEP180,Nepal,K. pneumoniae,R,R,
NEP181,Nepal,K. pneumoniae,R,R,
NEP182,Nepal,K. pneumoniae,R,R,
NEP183,Nepal,K. pneumoniae,R,R,
NEP184,Nepal,K. pneumoniae,R,R,
NEP185,Nepal,K. pneumoniae,R,R,
NEP186,Nepal,K. pneumoniae,R,S,
NEP187,Nepal,K. pneumoniae,R,S,
NEP188,Nepal,K. pneumoniae,R,S,
NEP189,Nepal,K. pneumoniae,R,S,
NEP190,Nepal,K. pneumoniae,R,S,
NEP191,Nepal,K. pneumoniae,R,S,
NEP192,Nepal,K. pneumoniae,R,S,
NEP193,Nepal,K. pneumoniae,R,S,
NEP194,Nepal,K. pneumoniae,R,S,
NEP195,Nepal,K. pneumoniae,R,S,
NEP196,Nepal,K. pneumoniae,R,S,
NEP197,Nepal,K. pneumoniae,R,S,
NEP198,Nepal,K. pneumoniae,R,S,
NEP199,Nepal,K. pneumoniae,R,S,
NEP200,Nepal,K. pneumoniae,R,S,
NEP201,Nepal,K. pneumoniae,R,S,
NEP202,Nepal,K. pneumoniae,R,S,
NEP203,Nepal,K. pneumoniae,R,S,
NEP204,Nepal,K. pneumoniae,R,S,
NEP205,Nepal,K. pneumoniae,R,S,
NEP206,Nepal,K. pneumoniae,R,S,
NEP207,Nepal,K. pneumoniae,R,S,
NEP208,Nepal,K. pneumoniae,R,S,
NEP209,Nepal,K. pneumoniae,R,S,
NEP210,Nepal,K. pneumoniae,R,S,
NEP211,Nepal,K. pneumoniae,R,S,
NEP212,Nepal,K. pneumoniae,R,S,
NEP213,Nepal,K. pneumoniae,R,S,
NEP214,Nepal,K. pneumoniae,R,S,
NEP215,Nepal,K. pneumoniae,R,S,
NEP216,Nepal,K. pneumoniae,R,S,
NEP217,Nepal,K. pneumoniae,R,S,
NEP218,Nepal,K. pneumoniae,R,S,
NEP219,Nepal,K. pneumoniae,R,S,
NEP220,Nepal,K. pneumoniae,R,S,
NEP221,Nepal,K. pneumoniae,R,S,
NEP222,Nepal,K. pneumoniae,R,S,
NEP223,Nepal,K. pneumoniae,R,S,
NEP224,Nepal,K. pneumoniae,R,S,
NEP225,Nepal,K. pneumoniae,R,S,
NEP226,Nepal,K. pneumoniae,R,S,
NEP227,Nepal,K. pneumoniae,R,S,
NEP228,Nepal,K. pneumoniae,R,S,
NEP229,Nepal,K. pneumoniae,R,S,
NEP230,Nepal,K. pneumoniae,R,S,
NEP231,Nepal,K. pneumoniae,R,S,
NEP232,Nepal,K. pneumoniae,R,S,
NEP233,Nepal,K. pneumoniae,R,S,
NEP234,Nepal,K. pneumoniae,R,S,
NEP235,Nepal,K. pneumoniae,R,S,
NEP236,Nepal,K. pneumoniae,R,S,
NEP237,Nepal,K. pneumoniae,R,S,
NEP238,Nepal,K. pneumoniae,R,S,
NEP239,Nepal,K. pneumoniae,R,S,
NEP240,Nepal,K. pneumoniae,R,S,
NEP241,Nepal,K. pneumoniae,R,S,
NEP242,Nepal,K. pneumoniae,R,S,
NEP243,Nepal,K. pneumoniae,R,S,
NEP244,Nepal,K. pneumoniae,R,S,
NEP245,Nepal,K. pneumoniae,R,S,
NEP246,Nepal,K. pneumoniae,R,S,
NEP247,Nepal,K. pneumoniae,R,S,
NEP248,Nepal,K. pneumoniae,R,S,
NEP249,Nepal,K. pneumoniae,R,S,
NEP250,Nepal,K. pneumoniae,R,S,
NEP251,Nepal,K. pneumoniae,R,S,
NEP252,Nepal,K. pneumoniae,R,S,
NEP253,Nepal,K. pneumoniae,R,S,
NEP254,Nepal,K. pneumoniae,R,S,
NEP255,Nepal,K. pneumoniae,R,S,
NEP256,Nepal,K. pneumoniae,R,S,
NEP257,Nepal,K. pneumoniae,R,S,
NEP258,Nepal,K. pneumoniae,R,S,
NEP259,Nepal,K. pneumoniae,R,S,
NEP260,Nepal,K. pneumoniae,R,S,
NEP261,Nepal,K. pneumoniae,R,S,
NEP262,Nepal,K. pneumoniae,R,S,
NEP263,Nepal,K. pneumoniae,R,S,
NEP264,Nepal,K. pneumoniae,R,S,
NEP265,Nepal,K. pneumoniae,R,S,
NEP266,Nepal,K. pneumoniae,R,S,
NEP267,Nepal,K. pneumoniae,R,S,
NEP268,Nepal,K. pneumoniae,S,S,
NEP269,Nepal,K. pneumoniae,S,S,
NEP270,Nepal,K. pneumoniae,S,S,
NEP271,Nepal,K. pneumoniae,S,S,
NEP272,Nepal,K. pneumoniae,S,S,
NEP273,Nepal,K. pneumoniae,S,S,
NEP274,Nepal,K. pneumoniae,S,S,
NYC001,New York,E. coli,R,R,
NYC002,New York,E. coli,R,R,
NYC003,New York,E. coli,R,R,
NYC004,New York,E. coli,R,S,
NYC005,New York,E. coli,R,S,
NYC006,New York,E. coli,R,R,
NYC007,New York,E. coli,R,R,
NYC008,New York,E. coli,R,S,
NYC009,New York,E. coli,R,R,
NYC010,New York,E. coli,R,R,
NYC011,New York,E. coli,R,S,
NYC012,New York,E. coli,R,S,
NYC013,New York,E. coli,R,S,
NYC014,New York,E. coli,R,R,
NYC015,New York,E. coli,R,R,
NYC016,New York,E. coli,R,R,
NYC017,New York,E. coli,S,R,
NYC018,New York,E. coli,R,S,
NYC019,New York,E. coli,R,S,
NYC020,New York,E. coli,R,R,
NYC021,New York,E. coli,R,R,
NYC022,New York,E. coli,R,R,
NYC023,New York,E. coli,R,S,
NYC024,New York,E. coli,R,S,
NYC025,New York,E. coli,R,S,
NYC026,New York,E. coli,R,R,
NYC027,New York,E. coli,R,R,
NYC028,New York,E. coli,R,S,
NYC029,New York,E. coli,R,S,
NYC030,New York,E. coli,R,R,
NYC031,New York,E. coli,R,S,
NYC032,New York,E. coli,R,R,
NYC033,New York,E. coli,R,S,
NYC034,New York,E. coli,R,S,
NYC035,New York,E. coli,R,S,
NYC036,New York,E. coli,R,R,
NYC037,New York,E. coli,R,S,
NYC038,New York,E. coli,R,R,
NYC039,New York,E. coli,R,S,
NYC040,New York,E. coli,R,S,
NYC041,New York,E. coli,R,S,
NYC042,New York,E. coli,R,R,
NYC043,New York,E. coli,R,S,
NYC044,New York,E. coli,R,S,
NYC045,New York,E. coli,R,S,
NYC046,New York,E. coli,R,S,
NYC047,New York,E. coli,R,R,
NYC048,New York,E. coli,R,R,
NYC049,New York,E. coli,R,R,
NYC050,New York,E. coli,R,R,
NYC051,New York,E. coli,R,S,
NYC052,New York,E. coli,R,S,
NYC053,New York,E. coli,R,S,
NYC054,New York,E. coli,R,S,
NYC055,New York,E. coli,R,R,
NYC056,New York,E. coli,R,R,
NYC057,New York,E. coli,R,R,
NYC058,New York,E. coli,R,R,
NYC059,New York,E. coli,R,S,
NYC060,New York,E. coli,R,R,
NYC061,New York,E. coli,R,R,
NYC062,New York,E. coli,R,R,
NYC063,New York,E. coli,R,R,
NYC064,New York,E. coli,R,S,
NYC065,New York,E. coli,R,R,
NYC066,New York,E. coli,R,R,
NYC067,New York,E. coli,R,S,
NYC068,New York,E. coli,R,S,
NYC069,New York,E. coli,R,S,
NYC070,New York,E. coli,R,S,
NYC071,New York,E. coli,R,S,
NYC072,New York,E. coli,R,R,
NYC073,New York,E. coli,R,R,
NYC074,New York,E. coli,R,S,
NYC075,New York,E. coli,R,S,
NYC076,New York,E. coli,R,S,
NYC077,New York,E. coli,R,R,
NYC078,New York,E. coli,R,S,
NYC079,New York,E. coli,R,R,
NYC080,New York,E. coli,R,S,
NYC081,New York,E. coli,R,S,
NYC082,New York,E. coli,R,R,
NYC083,New York,E. coli,R,R,
NYC084,New York,E. coli,R,R,
NYC085,New York,E. coli,R,R,
NYC086,New York,E. coli,R,R,
NYC087,New York,E. coli,R,S,
NYC088,New York,E. coli,R,S,
NYC089,New York,E. coli,R,S,
NYC090,New York,E. coli,R,S,
NYC091,New York,E. coli,R,S,
NYC092,New York,E. coli,R,S,
NYC093,New York,E. coli,R,S,
NYC094,New York,E. coli,R,S,
NYC095,New York,E. coli,R,R,
NYC096,New York,E. coli,R,R,
NYC097,New York,E. coli,R,R,
NYC098,New York,E. coli,R,R,
NYC099,New York,E. coli,R,S,
NYC100,New York,E. coli,R,S,
NYC101,New York,K. pneumoniae,R,S,
NYC102,New York,K. pneumoniae,R,R,
NYC103,New York,K. pneumoniae,R,S,
NYC104,New York,K. pneumoniae,R,R,
NYC105,New York,K. pneumoniae,R,R,
NYC106,New York,K. pneumoniae,R,R,
NYC107,New York,K. pneumoniae,R,R,
NYC108,New York,K. pneumoniae,R,R,
NYC109,New York,K. pneumoniae,R,R,
NYC110,New York,K. pneumoniae,R,R,
NYC111,New York,K. pneumoniae,R,R,
NYC112,New York,K. pneumoniae,R,R,
NYC113,New York,K. pneumoniae,R,R,
NYC114,New York,K. pneumoniae,R,R,
NYC116,New York,K. pneumoniae,R,S,
NYC117,New York,K. pneumoniae,R,R,
NYC118,New York,K. pneumoniae,R,R,
NYC119,New York,K. pneumoniae,R,R,
NYC120,New York,K. pneumoniae,R,R,
NYC121,New York,K. pneumoniae,R,S,
NYC122,New York,K. pneumoniae,R,S,
NYC123,New York,K. pneumoniae,R,S,
NYC124,New York,K. pneumoniae,R,S,
NYC125,New York,K. pneumoniae,R,S,
NYC126,New York,K. pneumoniae,R,R,
NYC127,New York,K. pneumoniae,R,S,
NYC129,New York,K. pneumoniae,R,R,
NYC130,New York,K. pneumoniae,R,R,
NYC131,New York,K. pneumoniae,R,S,
NYC132,New York,K. pneumoniae,R,S,
NYC133,New York,K. pneumoniae,R,S,
NYC134,New York,K. pneumoniae,R,S,
NYC135,New York,K. pneumoniae,R,R,
NYC136,New York,K. pneumoniae,R,R,
NYC137,New York,K. pneumoniae,R,R,
NYC138,New York,K. pneumoniae,R,R,
NYC139,New York,K. pneumoniae,R,R,
NYC140,New York,E. coli,S,S,
NYC141,New York,E. coli,S,S,
NYC142,New York,E. coli,S,S,
NYC143,New York,E. coli,S,S,
NYC144,New York,E. coli,S,S,
NYC145,New York,E. coli,S,S,
NYC146,New York,E. coli,S,S,
NYC147,New York,E. coli,S,S,
NYC148,New York,E. coli,S,S,
NYC149,New York,E. coli,S,S,
NYC150,New York,E. coli,S,S,
NYC151,New York,E. coli,S,S,
NYC152,New York,E. coli,R,S,
NYC153,New York,E. coli,S,S,
NYC154,New York,E. coli,S,S,
NYC155,New York,E. coli,S,S,
NYC156,New York,E. coli,S,S,
NYC157,New York,E. coli,S,S,
NYC158,New York,E. coli,S,S,
NYC159,New York,E. coli,S,S,
NYC160,New York,E. coli,S,S,
NYC161,New York,E. coli,S,S,
NYC162,New York,E. coli,S,S,
NYC163,New York,E. coli,S,S,
NYC164,New York,E. coli,S,S,
NYC165,New York,E. coli,S,S,
NYC166,New York,E. coli,S,S,
NYC167,New York,E. coli,S,S,
NYC168,New York,E. coli,S,S,
NYC169,New York,K. pneumoniae,S,S,
NYC170,New York,K. pneumoniae,S,S,
NYC171,New York,K. pneumoniae,S,S,
NYC173,New York,K. pneumoniae,S,S,
NYC174,New York,K. pneumoniae,S,S,
NYC175,New York,K. pneumoniae,S,S,
NYC176,New York,K. pneumoniae,S,S,
NYC177,New York,K. pneumoniae,S,S,
NYC178,New York,K. pneumoniae,S,S,
NYC179,New York,K. pneumoniae,S,S,
NYC180,New York,K. pneumoniae,S,S,
NYC181,New York,K. pneumoniae,S,S,
NYC182,New York,K. pneumoniae,S,S,
NYC183,New York,K. pneumoniae,S,S,
NYC184,New York,K. pneumoniae,S,S,
NYC185,New York,K. pneumoniae,S,S,
NYC186,New York,K. pneumoniae,S,S,
NYC187,New York,K. pneumoniae,S,S,
NYC188,New York,K. pneumoniae,S,S,
NYC189,New York,K. pneumoniae,S,S,
NYC190,New York,K. pneumoniae,S,S,
NYC191,New York,K. pneumoniae,S,S,
NYC192,New York,K. pneumoniae,S,S,
NYC193,New York,K. pneumoniae,S,S,
NYC194,New York,K. pneumoniae,S,S,
NYC195,New York,K. pneumoniae,S,S,
NYC196,New York,K. pneumoniae,S,S,
NYC197,New York,K. pneumoniae,S,S,
NYC198,New York,K. pneumoniae,S,S,
NYC199,New York,K. pneumoniae,S,S,
PHE002,UK,E. coli,R,R,
PHE003,UK,E. coli,R,R,
PHE004,UK,E. coli,R,R,
PHE006,UK,E. coli,R,R,
PHE007,UK,E. coli,R,R,
PHE008,UK,E. coli,R,R,
PHE009,UK,E. coli,S,R,
PHE011,UK,E. coli,R,R,
PHE012,UK,E. coli,R,R,
PHE013,UK,E. coli,R,R,
PHE014,UK,E. coli,R,R,
PHE015,UK,E. coli,R,R,
PHE016,UK,E. coli,R,R,
PHE017,UK,E. coli,R,R,
PHE019,UK,E. coli,R,R,
PHE020,UK,E. coli,R,R,
PHE021,UK,E. coli,R,R,
PHE022,UK,E. coli,R,R,
PHE024,UK,E. coli,R,R,
PHE026,UK,E. coli,S,R,
PHE027,UK,E. coli,R,R,
PHE029,UK,E. coli,R,R,
PHE030,UK,E. coli,R,R,
PHE031,UK,E. coli,R,R,
PHE032,UK,E. coli,R,R,
PHE033,UK,E. coli,R,S,
PHE034,UK,E. coli,S,R,
PHE035,UK,E. coli,R,R,
PHE036,UK,E. coli,S,R,
PHE037,UK,E. coli,R,R,
PHE038,UK,E. coli,R,R,
PHE040,UK,E. coli,R,R,
PHE041,UK,E. coli,R,R,
PHE042,UK,E. coli,S,R,
PHE044,UK,E. coli,R,R,
PHE045,UK,E. coli,R,R,
PHE046,UK,E. coli,R,R,
PHE047,UK,E. coli,R,R,
PHE048,UK,E. coli,R,R,
PHE049,UK,E. coli,R,R,
PHE050,UK,E. coli,R,R,
PHE051,UK,K. pneumoniae,R,R,
PHE052,UK,K. pneumoniae,R,R,
PHE053,UK,K. pneumoniae,R,R,
PHE054,UK,K. pneumoniae,S,R,
PHE055,UK,K. pneumoniae,R,R,
PHE056,UK,K. pneumoniae,R,R,
PHE057,UK,K. pneumoniae,R,R,
PHE058,UK,K. pneumoniae,R,R,
PHE059,UK,K. pneumoniae,R,R,
PHE060,UK,K. pneumoniae,R,R,
PHE061,UK,K. pneumoniae,R,S,
PHE062,UK,K. pneumoniae,R,R,
PHE063,UK,K. pneumoniae,S,R,
PHE064,UK,K. pneumoniae,R,R,
PHE065,UK,K. pneumoniae,R,R,
PHE066,UK,K. pneumoniae,R,R,
PHE067,UK,K. pneumoniae,R,R,
PHE068,UK,K. pneumoniae,R,R,
PHE069,UK,K. pneumoniae,R,R,
PHE070,UK,K. pneumoniae,R,R,
PHE071,UK,K. pneumoniae,R,R,
PHE072,UK,K. pneumoniae,S,R,
PHE073,UK,K. pneumoniae,R,R,
PHE074,UK,K. pneumoniae,R,R,
PHE075,UK,K. pneumoniae,R,R,
PHE076,UK,K. pneumoniae,R,R,
PHE077,UK,K. pneumoniae,R,R,
PHE078,UK,K. pneumoniae,R,R,
PHE079,UK,K. pneumoniae,R,R,
PHE080,UK,K. pneumoniae,R,R,
PHE081,UK,K. pneumoniae,R,R,
PHE082,UK,K. pneumoniae,R,R,
PHE083,UK,K. pneumoniae,R,R,
PHE084,UK,K. pneumoniae,R,R,
PHE085,UK,K. pneumoniae,R,R,
PHE086,UK,K. pneumoniae,R,R,
PHE087,UK,K. pneumoniae,R,R,
PHE088,UK,K. pneumoniae,R,R,
PHE089,UK,K. pneumoniae,R,R,
PHE090,UK,K. pneumoniae,R,R,
PHE091,UK,K. pneumoniae,R,R,
PHE092,UK,K. pneumoniae,R,R,
PHE093,UK,K. pneumoniae,R,R,
PHE094,UK,K. pneumoniae,R,R,
PHE095,UK,K. pneumoniae,R,R,
PHE096,UK,K. pneumoniae,R,R,
PHE097,UK,K. pneumoniae,R,R,
PHE098,UK,K. pneumoniae,R,R,
PHE099,UK,K. pneumoniae,R,R,
PHE100,UK,K. pneumoniae,R,R,
PHE101,UK,E. coli,R,S,
PHE102,UK,E. coli,R,R,
PHE103,UK,E. coli,R,S,
PHE104,UK,E. coli,R,S,
PHE105,UK,E. coli,R,S,
PHE106,UK,E. coli,R,R,
PHE107,UK,E. coli,R,S,
PHE108,UK,E. coli,R,R,
PHE109,UK,E. coli,R,S,
PHE110,UK,E. coli,R,S,
PHE111,UK,E. coli,R,S,
PHE112,UK,E. coli,R,R,
PHE113,UK,E. coli,R,S,
PHE115,UK,E. coli,R,R,
PHE116,UK,E. coli,R,S,
PHE117,UK,E. coli,R,S,
PHE118,UK,E. coli,R,S,
PHE120,UK,E. coli,R,R,
PHE121,UK,E. coli,R,R,
PHE122,UK,E. coli,R,S,
PHE123,UK,E. coli,R,S,
PHE124,UK,E. coli,R,S,
PHE125,UK,E. coli,R,S,
PHE127,UK,E. coli,R,R,
PHE128,UK,E. coli,R,S,
PHE129,UK,E. coli,R,S,
PHE130,UK,E. coli,R,R,
PHE131,UK,E. coli,R,S,
PHE132,UK,E. coli,R,S,
PHE133,UK,E. coli,R,R,
PHE136,UK,E. coli,R,R,
PHE137,UK,E. coli,R,S,
PHE139,UK,E. coli,R,S,
PHE140,UK,E. coli,R,R,
PHE141,UK,E. coli,R,S,
PHE143,UK,E. coli,R,S,
PHE144,UK,E. coli,R,R,
PHE147,UK,E. coli,R,S,
PHE148,UK,E. coli,R,S,
PHE150,UK,E. coli,R,S,
PHE151,UK,K. pneumoniae,R,R,
PHE152,UK,K. pneumoniae,R,R,
PHE153,UK,K. pneumoniae,R,R,
PHE154,UK,K. pneumoniae,R,R,
PHE155,UK,K. pneumoniae,R,S,
PHE156,UK,K. pneumoniae,R,R,
PHE157,UK,K. pneumoniae,R,R,
PHE158,UK,K. pneumoniae,R,R,
PHE159,UK,K. pneumoniae,R,R,
PHE160,UK,K. pneumoniae,R,S,
PHE161,UK,K. pneumoniae,R,S,
PHE162,UK,K. pneumoniae,R,S,
PHE163,UK,K. pneumoniae,R,S,
PHE164,UK,K. pneumoniae,,,
PHE165,UK,K. pneumoniae,R,S,
PHE166,UK,K. pneumoniae,R,R,
PHE167,UK,K. pneumoniae,R,S,
PHE168,UK,K. pneumoniae,R,R,
PHE169,UK,K. pneumoniae,R,R,
PHE170,UK,K. pneumoniae,R,R,
PHE171,UK,K. pneumoniae,R,S,
PHE172,UK,K. pneumoniae,R,R,
PHE173,UK,K. pneumoniae,R,R,
PHE174,UK,K. pneumoniae,R,R,
PHE175,UK,K. pneumoniae,R,R,
PHE176,UK,K. pneumoniae,R,S,
PHE177,UK,K. pneumoniae,R,R,
PHE178,UK,K. pneumoniae,R,S,
PHE179,UK,K. pneumoniae,R,S,
PHE180,UK,K. pneumoniae,R,S,
PHE181,UK,K. pneumoniae,R,R,
PHE182,UK,K. pneumoniae,R,S,
PHE183,UK,K. pneumoniae,R,R,
PHE184,UK,K. pneumoniae,R,S,
PHE185,UK,K. pneumoniae,R,R,
PHE186,UK,K. pneumoniae,R,S,
PHE187,UK,K. pneumoniae,R,R,
PHE188,UK,K. pneumoniae,R,R,
PHE189,UK,K. pneumoniae,R,R,
PHE190,UK,K. pneumoniae,R,R,
PHE191,UK,K. pneumoniae,R,R,
PHE192,UK,K. pneumoniae,R,S,
PHE193,UK,K. pneumoniae,R,S,
PHE194,UK,K. pneumoniae,R,R,
PHE195,UK,K. pneumoniae,R,S,
PHE196,UK,K. pneumoniae,R,S,
PHE197,UK,K. pneumoniae,R,R,
PHE198,UK,K. pneumoniae,R,R,
PHE199,UK,K. pneumoniae,R,R,
PHE200,UK,K. pneumoniae,R,S,
PHE201,UK,E. coli,S,S,
PHE202,UK,E. coli,S,S,
PHE203,UK,E. coli,S,S,
PHE204,UK,E. coli,S,S,
PHE205,UK,E. coli,S,S,
PHE206,UK,E. coli,S,S,
PHE207,UK,E. coli,S,S,
PHE208,UK,E. coli,,,
PHE209,UK,E. coli,,,
PHE210,UK,E. coli,S,S,
PHE211,UK,E. coli,S,S,
PHE212,UK,E. coli,S,S,
PHE213,UK,E. coli,,,
PHE214,UK,E. coli,S,S,
PHE215,UK,E. coli,S,S,
PHE216,UK,E. coli,S,S,
PHE217,UK,E. coli,S,S,
PHE218,UK,E. coli,S,S,
PHE219,UK,E. coli,,,
PHE220,UK,E. coli,S,S,
PHE221,UK,E. coli,,,
PHE222,UK,E. coli,S,S,
PHE223,UK,E. coli,,,
PHE225,UK,E. coli,S,S,
PHE227,UK,E. coli,S,S,
PHE228,UK,E. coli,S,S,
PHE229,UK,E. coli,S,S,
PHE230,UK,E. coli,S,S,
PHE231,UK,E. coli,,,
PHE232,UK,E. coli,S,S,
PHE233,UK,E. coli,S,S,
PHE234,UK,E. coli,S,S,
PHE235,UK,E. coli,S,S,
PHE236,UK,E. coli,S,S,
PHE237,UK,E. coli,S,S,
PHE238,UK,E. coli,S,S,
PHE239,UK,E. coli,S,S,
PHE240,UK,E. coli,S,S,
PHE241,UK,E. coli,S,S,
PHE242,UK,E. coli,S,S,
PHE243,UK,E. coli,S,S,
PHE244,UK,E. coli,,,
PHE245,UK,E. coli,S,S,
PHE246,UK,E. coli,S,S,
PHE247,UK,E. coli,,,
PHE248,UK,E. coli,S,S,
PHE250,UK,E. coli,S,S,
PHE251,UK,K. pneumoniae,S,S,
PHE252,UK,K. pneumoniae,S,S,
PHE253,UK,K. pneumoniae,S,S,
PHE254,UK,K. pneumoniae,S,S,
PHE255,UK,K. pneumoniae,S,S,
PHE256,UK,K. pneumoniae,S,S,
PHE257,UK,K. pneumoniae,S,S,
PHE258,UK,K. pneumoniae,S,S,
PHE259,UK,K. pneumoniae,S,S,
PHE260,UK,K. pneumoniae,S,S,
PHE261,UK,K. pneumoniae,S,S,
PHE262,UK,K. pneumoniae,S,S,
PHE263,UK,K. pneumoniae,S,S,
PHE264,UK,K. pneumoniae,S,S,
PHE265,UK,K. pneumoniae,S,S,
PHE266,UK,K. pneumoniae,S,S,
PHE267,UK,K. pneumoniae,S,S,
PHE268,UK,K. pneumoniae,S,S,
PHE269,UK,K. pneumoniae,S,S,
PHE270,UK,K. pneumoniae,S,S,
PHE271,UK,K. pneumoniae,S,S,
PHE272,UK,K. pneumoniae,S,S,
PHE273,UK,K. pneumoniae,S,S,
PHE274,UK,K. pneumoniae,S,S,
PHE275,UK,K. pneumoniae,S,S,
PHE276,UK,K. pneumoniae,S,S,
PHE277,UK,K. pneumoniae,S,S,
PHE278,UK,K. pneumoniae,S,S,
PHE279,UK,K. pneumoniae,S,S,
PHE280,UK,K. pneumoniae,S,S,
PHE281,UK,K. pneumoniae,S,S,
PHE282,UK,K. pneumoniae,S,S,
PHE283,UK,K. pneumoniae,S,S,
PHE284,UK,K. pneumoniae,S,S,
PHE285,UK,K. pneumoniae,S,S,
PHE286,UK,K. pneumoniae,S,S,
PHE287,UK,K. pneumoniae,S,S,
PHE288,UK,K. pneumoniae,S,S,
PHE289,UK,K. pneumoniae,S,S,
PHE290,UK,K. pneumoniae,S,S,
PHE291,UK,K. pneumoniae,S,S,
PHE292,UK,K. pneumoniae,R,S,
PHE293,UK,K. pneumoniae,S,S,
PHE294,UK,K. pneumoniae,S,S,
PHE295,UK,K. pneumoniae,S,S,
PHE296,UK,K. pneumoniae,S,S,
PHE297,UK,K. pneumoniae,S,S,
PHE298,UK,K. pneumoniae,S,S,
PHE299,UK,K. pneumoniae,S,S,
PHE300,UK,K. pneumoniae,S,S,
PKG001,Beijing,E. coli,R,R,
PKG002,Beijing,E. coli,R,R,
PKG003,Beijing,E. coli,R,R,
PKG004,Beijing,E. coli,R,R,
PKG005,Beijing,E. coli,R,R,
PKG006,Beijing,E. coli,R,R,
PKG007,Beijing,E. coli,R,R,
PKG008,Beijing,E. coli,R,S,
PKG009,Beijing,E. coli,R,R,
PKG010,Beijing,E. coli,R,R,
PKG011,Beijing,E. coli,R,R,
PKG012,Beijing,E. coli,R,R,
PKG013,Beijing,E. coli,R,R,
PKG015,Beijing,E. coli,R,R,
PKG016,Beijing,E. coli,S,S,
PKG017,Beijing,E. coli,R,R,
PKG018,Beijing,E. coli,R,R,
PKG019,Beijing,E. coli,R,R,
PKG020,Beijing,E. coli,R,R,
PKG021,Beijing,E. coli,R,R,
PKG022,Beijing,E. coli,R,S,
PKG023,Beijing,E. coli,R,R,
PKG024,Beijing,E. coli,R,R,
PKG025,Beijing,E. coli,,,
PKG026,Beijing,E. coli,S,S,
PKG027,Beijing,E. coli,,,
PKG028,Beijing,E. coli,R,R,
PKG029,Beijing,E. coli,R,R,
PKG030,Beijing,E. coli,,,
PKG031,Beijing,E. coli,R,R,
PKG032,Beijing,E. coli,R,R,
PKG033,Beijing,E. coli,S,R,
PKG034,Beijing,E. coli,,,
PKG035,Beijing,E. coli,S,S,
PKG036,Beijing,E. coli,R,R,
PKG037,Beijing,E. coli,R,R,
PKG038,Beijing,E. coli,S,S,
PKG039,Beijing,E. coli,R,R,
PKG040,Beijing,E. coli,,,
PKG041,Beijing,E. coli,,,
PKG042,Beijing,E. coli,R,R,
PKG043,Beijing,E. coli,R,R,
PKG044,Beijing,E. coli,,,
PKG045,Beijing,E. coli,R,R,
PKG046,Beijing,E. coli,,,
PKG047,Beijing,E. coli,R,R,
PKG048,Beijing,E. coli,R,R,
PKG049,Beijing,E. coli,R,R,
PKG051,Beijing,E. coli,R,R,
PKG052,Beijing,E. coli,,,
PKG053,Beijing,E. coli,S,R,
PKG054,Beijing,E. coli,S,R,
PKG055,Beijing,E. coli,S,R,
PKG056,Beijing,E. coli,S,R,
PKG057,Beijing,E. coli,S,R,
PKG058,Beijing,E. coli,,,
PKG059,Beijing,E. coli,S,R,
PKG060,Beijing,E. coli,S,R,
PKG061,Beijing,E. coli,S,R,
PKG062,Beijing,E. coli,S,R,
PKG063,Beijing,E. coli,S,S,
PKG064,Beijing,E. coli,S,R,
PKG065,Beijing,E. coli,R,S,
PKG066,Beijing,E. coli,S,S,
PKG067,Beijing,E. coli,S,S,
PKG068,Beijing,E. coli,S,S,
PKG069,Beijing,E. coli,,,
PKG070,Beijing,E. coli,S,S,
PKG071,Beijing,E. coli,R,S,
PKG072,Beijing,E. coli,S,S,
PKG073,Beijing,E. coli,S,S,
PKG074,Beijing,E. coli,S,S,
PKG075,Beijing,E. coli,S,S,
PKG076,Beijing,E. coli,S,S,
PKG077,Beijing,E. coli,S,S,
PKG078,Beijing,E. coli,S,S,
PKG079,Beijing,E. coli,S,S,
PKG080,Beijing,E. coli,S,S,
PKG081,Beijing,E. coli,S,S,
PKG082,Beijing,E. coli,S,S,
PKG083,Beijing,E. coli,R,S,
PKG085,Beijing,E. coli,,,
PKG087,Beijing,E. coli,R,S,
PKG088,Beijing,E. coli,R,S,
PKG089,Beijing,E. coli,,,
PKG090,Beijing,E. coli,R,R,
PKG091,Beijing,E. coli,,,
PKG092,Beijing,E. coli,R,S,
PKG093,Beijing,E. coli,,,
PKG094,Beijing,E. coli,R,S,
PKG095,Beijing,E. coli,R,S,
PKG096,Beijing,E. coli,S,S,
PKG097,Beijing,E. coli,R,S,
PKG098,Beijing,E. coli,R,S,
PKG099,Beijing,E. coli,,,
PKG100,Beijing,E. coli,R,R,
PKG101,Beijing,E. coli,R,S,
PKG102,Beijing,E. coli,R,S,
PKG103,Beijing,E. coli,R,S,
PKG104,Beijing,E. coli,R,S,
PKG105,Beijing,E. coli,R,S,
PKG106,Beijing,E. coli,R,S,
PKG107,Beijing,E. coli,,,
PKG108,Beijing,E. coli,R,S,
PKG109,Beijing,E. coli,R,S,
PKG110,Beijing,E. coli,R,S,
PKG111,Beijing,E. coli,R,S,
PKG112,Beijing,E. coli,R,R,
PKG113,Beijing,E. coli,R,S,
PKG114,Beijing,E. coli,,,
PKG115,Beijing,E. coli,R,S,
PKG116,Beijing,E. coli,R,S,
PKG117,Beijing,E. coli,,,
PKG118,Beijing,E. coli,R,S,
PKG119,Beijing,E. coli,S,S,
PKG120,Beijing,E. coli,R,S,
PKG121,Beijing,E. coli,R,S,
PKG122,Beijing,E. coli,R,S,
PKG123,Beijing,E. coli,S,S,
PKG124,Beijing,E. coli,S,S,
PKG125,Beijing,E. coli,S,S,
PKG126,Beijing,E. coli,S,S,
PKG127,Beijing,E. coli,S,S,
PKG128,Beijing,E. coli,S,S,
PKG129,Beijing,E. coli,S,S,
PKG130,Beijing,E. coli,S,S,
PKG131,Beijing,E. coli,S,S,
PKG132,Beijing,E. coli,S,S,
PKG133,Beijing,E. coli,S,S,
PKG134,Beijing,E. coli,R,S,
PKG135,Beijing,E. coli,S,S,
PKG136,Beijing,E. coli,S,S,
PKG138,Beijing,E. coli,R,S,
PKG139,Beijing,E. coli,S,S,
PKG140,Beijing,E. coli,S,S,
PKG141,Beijing,E. coli,S,S,
PKG142,Beijing,E. coli,R,R,
PKG143,Beijing,E. coli,R,S,
PKG144,Beijing,E. coli,S,S,
PKG145,Beijing,E. coli,S,S,
PKG147,Beijing,E. coli,S,S,
PKG148,Beijing,E. coli,S,S,
PKG149,Beijing,E. coli,R,S,
PKG150,Beijing,E. coli,,,
PKG151,Beijing,E. coli,R,S,
PKG153,Beijing,E. coli,R,S,
PKG154,Beijing,E. coli,S,S,
SGP001,Singapore,E. coli,R,R,
SGP002,Singapore,E. coli,R,S,
SGP003,Singapore,E. coli,S,S,
SGP004,Singapore,E. coli,R,S,
SGP005,Singapore,E. coli,R,S,
SGP006,Singapore,E. coli,R,S,
SGP007,Singapore,E. coli,R,S,
SGP008,Singapore,E. coli,R,S,
SGP009,Singapore,E. coli,R,S,
SGP010,Singapore,E. coli,S,S,
SGP011,Singapore,E. coli,R,S,
SGP012,Singapore,E. coli,R,S,
SGP013,Singapore,E. coli,R,S,
SGP014,Singapore,E. coli,R,S,
SGP015,Singapore,E. coli,R,S,
SGP016,Singapore,E. coli,R,S,
SGP017,Singapore,E. coli,R,S,
SGP018,Singapore,E. coli,R,S,
SGP019,Singapore,E. coli,R,S,
SGP020,Singapore,E. coli,R,S,
SGP021,Singapore,E. coli,R,R,
SGP022,Singapore,E. coli,R,S,
SGP023,Singapore,E. coli,R,R,
SGP024,Singapore,E. coli,R,S,
SGP025,Singapore,E. coli,R,S,
SGP026,Singapore,E. coli,R,S,
SGP027,Singapore,E. coli,R,S,
SGP028,Singapore,E. coli,R,S,
SGP029,Singapore,E. coli,R,S,
SGP030,Singapore,E. coli,R,S,
SGP031,Singapore,E. coli,R,S,
SGP032,Singapore,E. coli,R,R,
SGP033,Singapore,E. coli,R,S,
SGP034,Singapore,E. coli,R,S,
SGP035,Singapore,E. coli,R,S,
SGP036,Singapore,E. coli,R,S,
SGP037,Singapore,E. coli,R,S,
SGP039,Singapore,E. coli,R,S,
SGP040,Singapore,E. coli,R,S,
SGP041,Singapore,E. coli,R,S,
SGP042,Singapore,E. coli,R,S,
SGP043,Singapore,E. coli,R,S,
SGP044,Singapore,E. coli,R,S,
SGP045,Singapore,E. coli,R,S,
SGP046,Singapore,E. coli,R,S,
SGP047,Singapore,E. coli,R,S,
SGP048,Singapore,E. coli,R,S,
SGP049,Singapore,E. coli,R,S,
SGP051,Singapore,E. coli,R,S,
SGP052,Singapore,E. coli,R,S,
SGP053,Singapore,E. coli,R,S,
SGP054,Singapore,E. coli,R,S,
SGP055,Singapore,E. coli,R,S,
SGP056,Singapore,E. coli,R,S,
SGP057,Singapore,E. coli,R,R,
SGP058,Singapore,E. coli,R,S,
SGP059,Singapore,E. coli,R,S,
SGP060,Singapore,E. coli,R,S,
SGP061,Singapore,E. coli,R,R,
SGP062,Singapore,E. coli,R,S,
SGP063,Singapore,E. coli,R,S,
SGP064,Singapore,E. coli,R,R,
SGP065,Singapore,E. coli,R,R,
SGP066,Singapore,E. coli,R,S,
SGP067,Singapore,E. coli,R,S,
SGP068,Singapore,E. coli,R,S,
SGP069,Singapore,E. coli,R,S,
SGP070,Singapore,E. coli,R,S,
SGP071,Singapore,E. coli,R,S,
SGP072,Singapore,E. coli,R,R,
SGP073,Singapore,E. coli,R,S,
SGP074,Singapore,E. coli,R,S,
SGP075,Singapore,E. coli,R,R,
SGP076,Singapore,E. coli,R,R,
SGP077,Singapore,E. coli,R,R,
SGP078,Singapore,E. coli,R,R,
SGP079,Singapore,E. coli,R,R,
SGP080,Singapore,E. coli,R,R,
SGP081,Singapore,E. coli,R,R,
SGP082,Singapore,E. coli,R,R,
SGP083,Singapore,E. coli,R,S,
SGP084,Singapore,E. coli,R,R,
SGP085,Singapore,E. coli,R,S,
SGP086,Singapore,E. coli,R,R,
SGP087,Singapore,E. coli,R,S,
SGP088,Singapore,E. coli,R,S,
SGP089,Singapore,E. coli,R,R,
SGP090,Singapore,E. coli,R,R,
SGP091,Singapore,E. coli,R,R,
SGP092,Singapore,E. coli,R,R,
SGP093,Singapore,E. coli,R,R,
SGP094,Singapore,E. coli,R,R,
SGP096,Singapore,E. coli,R,R,
SGP097,Singapore,E. coli,R,R,
SGP098,Singapore,K. pneumoniae,R,S,
SGP099,Singapore,K. pneumoniae,R,S,
SGP100,Singapore,K. pneumoniae,R,S,
SGP101,Singapore,K. pneumoniae,R,S,
SGP102,Singapore,K. pneumoniae,R,S,
SGP103,Singapore,K. pneumoniae,R,S,
SGP104,Singapore,K. pneumoniae,R,S,
SGP105,Singapore,K. pneumoniae,R,S,
SGP106,Singapore,K. pneumoniae,R,S,
SGP107,Singapore,K. pneumoniae,R,S,
SGP108,Singapore,K. pneumoniae,R,S,
SGP109,Singapore,K. pneumoniae,R,R,
SGP110,Singapore,K. pneumoniae,R,S,
SGP111,Singapore,K. pneumoniae,R,S,
SGP112,Singapore,K. pneumoniae,R,S,
SGP113,Singapore,K. pneumoniae,R,S,
SGP114,Singapore,K. pneumoniae,S,S,
SGP115,Singapore,K. pneumoniae,R,R,
SGP116,Singapore,K. pneumoniae,R,S,
SGP117,Singapore,K. pneumoniae,R,R,
SGP118,Singapore,K. pneumoniae,R,S,
SGP119,Singapore,K. pneumoniae,R,R,
SGP120,Singapore,K. pneumoniae,R,R,
SGP121,Singapore,K. pneumoniae,R,S,
SGP122,Singapore,K. pneumoniae,R,S,
SGP123,Singapore,K. pneumoniae,R,S,
SGP124,Singapore,K. pneumoniae,R,R,
SGP125,Singapore,K. pneumoniae,R,R,
SGP126,Singapore,K. pneumoniae,R,S,
SGP127,Singapore,K. pneumoniae,R,S,
SGP128,Singapore,K. pneumoniae,R,S,
SGP129,Singapore,K. pneumoniae,R,R,
SGP130,Singapore,K. pneumoniae,R,S,
SGP131,Singapore,K. pneumoniae,R,S,
SGP132,Singapore,K. pneumoniae,R,R,
SGP133,Singapore,K. pneumoniae,R,S,
SGP134,Singapore,K. pneumoniae,R,S,
SGP135,Singapore,K. pneumoniae,R,S,
SGP136,Singapore,K. pneumoniae,R,R,
SGP137,Singapore,K. pneumoniae,R,R,
SGP138,Singapore,K. pneumoniae,R,S,
SGP139,Singapore,K. pneumoniae,R,S,
SGP140,Singapore,K. pneumoniae,R,R,
SGP141,Singapore,K. pneumoniae,R,S,
SGP142,Singapore,K. pneumoniae,R,S,
SGP143,Singapore,K. pneumoniae,R,S,
SGP144,Singapore,K. pneumoniae,R,R,
SGP145,Singapore,K. pneumoniae,R,S,
SGP146,Singapore,K. pneumoniae,R,R,
SGP147,Singapore,K. pneumoniae,R,R,
SGP148,Singapore,K. pneumoniae,R,S,
SGP149,Singapore,K. pneumoniae,R,S,
SGP150,Singapore,K. pneumoniae,R,S,
SGP151,Singapore,K. pneumoniae,R,S,
SGP152,Singapore,K. pneumoniae,R,S,
SGP153,Singapore,K. pneumoniae,R,R,
SGP154,Singapore,K. pneumoniae,R,R,
SGP155,Singapore,K. pneumoniae,R,S,
SGP156,Singapore,K. pneumoniae,R,R,
SGP157,Singapore,K. pneumoniae,R,R,
SGP158,Singapore,K. pneumoniae,R,S,
SGP159,Singapore,K. pneumoniae,R,S,
SGP160,Singapore,K. pneumoniae,R,S,
SGP161,Singapore,K. pneumoniae,R,S,
SGP162,Singapore,K. pneumoniae,R,S,
SGP163,Singapore,K. pneumoniae,R,S,
SGP164,Singapore,K. pneumoniae,R,R,
SGP165,Singapore,K. pneumoniae,R,S,
SGP166,Singapore,K. pneumoniae,R,R,
SGP167,Singapore,K. pneumoniae,R,S,
SGP168,Singapore,K. pneumoniae,R,R,
SGP169,Singapore,K. pneumoniae,R,R,
SGP170,Singapore,K. pneumoniae,R,S,
SGP171,Singapore,K. pneumoniae,R,S,
SGP172,Singapore,K. pneumoniae,R,S,
SGP173,Singapore,K. pneumoniae,R,S,
SGP174,Singapore,K. pneumoniae,R,S,
SGP175,Singapore,K. pneumoniae,R,S,
SGP176,Singapore,K. pneumoniae,S,S,
SGP177,Singapore,K. pneumoniae,R,S,
SGP178,Singapore,K. pneumoniae,R,S,
SGP181,Singapore,E. coli,S,R,
SGP182,Singapore,E. coli,S,R,
SGP183,Singapore,E. coli,R,R,
SGP184,Singapore,E. coli,S,R,
SGP185,Singapore,E. coli,S,R,
SGP186,Singapore,E. coli,S,R,
SGP187,Singapore,E. coli,S,R,
SGP188,Singapore,E. coli,R,R,
SGP189,Singapore,E. coli,S,R,
SGP190,Singapore,E. coli,S,R,
SGP191,Singapore,E. coli,R,R,
SGP192,Singapore,E. coli,S,R,
SGP193,Singapore,E. coli,R,R,
SGP194,Singapore,E. coli,R,R,
SGP195,Singapore,E. coli,S,R,
SGP196,Singapore,E. coli,R,R,
SGP197,Singapore,E. coli,R,R,
SGP198,Singapore,E. coli,S,R,
SGP199,Singapore,E. coli,S,R,
SGP200,Singapore,E. coli,R,R,
SGP201,Singapore,E. coli,S,R,
SGP202,Singapore,E. coli,R,R,
SGP203,Singapore,E. coli,S,R,
SGP204,Singapore,E. coli,R,R,
SGP205,Singapore,E. coli,S,R,
SGP206,Singapore,E. coli,S,R,
SGP207,Singapore,E. coli,S,R,
SGP208,Singapore,E. coli,R,R,
SGP209,Singapore,E. coli,R,R,
SGP210,Singapore,E. coli,R,R,
SGP211,Singapore,E. coli,R,R,
SGP212,Singapore,E. coli,R,R,
SGP213,Singapore,E. coli,R,R,
SGP214,Singapore,E. coli,R,R,
SGP215,Singapore,E. coli,R,R,
SGP216,Singapore,E. coli,R,R,
SGP217,Singapore,E. coli,R,R,
SGP218,Singapore,E. coli,R,R,
SGP219,Singapore,E. coli,S,R,
SGP220,Singapore,E. coli,R,R,
SGP221,Singapore,E. coli,S,R,
SGP222,Singapore,E. coli,S,R,
SGP223,Singapore,E. coli,R,R,
SGP224,Singapore,E. coli,R,R,
SGP225,Singapore,E. coli,R,R,
SGP226,Singapore,E. coli,R,R,
SGP227,Singapore,E. coli,R,R,
SGP228,Singapore,E. coli,R,R,
SGP229,Singapore,E. coli,R,R,
SGP230,Singapore,E. coli,S,R,
SGP231,Singapore,E. coli,R,R,
SGP232,Singapore,E. coli,R,R,
SGP233,Singapore,E. coli,R,R,
SGP234,Singapore,E. coli,S,R,
SGP235,Singapore,E. coli,R,R,
SGP236,Singapore,E. coli,R,R,
SGP237,Singapore,E. coli,R,R,
SGP238,Singapore,E. coli,R,R,
SGP239,Singapore,E. coli,R,R,
SGP240,Singapore,E. coli,R,R,
SGP241,Singapore,E. coli,R,R,
SGP242,Singapore,E. coli,R,R,
SGP243,Singapore,E. coli,R,R,
SGP244,Singapore,E. coli,S,R,
SGP245,Singapore,E. coli,S,R,
SGP246,Singapore,E. coli,S,S,
SGP247,Singapore,E. coli,S,R,
SGP248,Singapore,E. coli,S,R,
SGP249,Singapore,E. coli,R,S,
SGP250,Singapore,E. coli,S,R,
SGP251,Singapore,E. coli,S,R,
SGP252,Singapore,E. coli,R,R,
SGP253,Singapore,E. coli,S,R,
SGP254,Singapore,E. coli,S,R,
SGP256,Singapore,E. coli,S,R,
SGP257,Singapore,E. coli,S,R,
SGP258,Singapore,E. coli,S,R,
SGP259,Singapore,E. coli,S,R,
SGP260,Singapore,E. coli,R,S,
SGP261,Singapore,E. coli,R,R,
SGP262,Singapore,E. coli,S,R,
SGP263,Singapore,E. coli,S,R,
SGP264,Singapore,E. coli,S,R,
SGP265,Singapore,E. coli,S,R,
SGP266,Singapore,E. coli,S,R,
SGP267,Singapore,E. coli,S,R,
SGP268,Singapore,E. coli,S,R,
SGP269,Singapore,E. coli,S,R,
SGP270,Singapore,E. coli,S,R,
SGP271,Singapore,E. coli,S,R,
SGP272,Singapore,E. coli,S,R,
SGP273,Singapore,E. coli,S,R,
SGP274,Singapore,E. coli,S,R,
SGP275,Singapore,E. coli,S,R,
SGP276,Singapore,E. coli,S,R,
SGP277,Singapore,K. pneumoniae,R,R,
SGP278,Singapore,K. pneumoniae,R,R,
SGP279,Singapore,K. pneumoniae,R,R,
SGP280,Singapore,K. pneumoniae,R,R,
SGP281,Singapore,K. pneumoniae,R,R,
SGP282,Singapore,K. pneumoniae,R,R,
SGP283,Singapore,K. pneumoniae,R,R,
SGP284,Singapore,K. pneumoniae,R,R,
SGP285,Singapore,K. pneumoniae,R,R,
SGP286,Singapore,K. pneumoniae,R,R,
SGP287,Singapore,K. pneumoniae,R,R,
SGP288,Singapore,K. pneumoniae,R,R,
SGP289,Singapore,K. pneumoniae,R,R,
SGP290,Singapore,K. pneumoniae,R,R,
SGP291,Singapore,K. pneumoniae,R,R,
SGP292,Singapore,K. pneumoniae,R,R,
SGP293,Singapore,K. pneumoniae,R,R,
SGP294,Singapore,K. pneumoniae,S,R,
SGP295,Singapore,K. pneumoniae,R,R,
SGP296,Singapore,K. pneumoniae,S,R,
SGP297,Singapore,K. pneumoniae,R,R,
SGP298,Singapore,K. pneumoniae,R,R,
SGP299,Singapore,K. pneumoniae,R,R,
SGP300,Singapore,K. pneumoniae,R,R,
SGP301,Singapore,K. pneumoniae,S,S,
SGP302,Singapore,K. pneumoniae,R,R,
SGP303,Singapore,K. pneumoniae,S,R,
SGP304,Singapore,K. pneumoniae,R,R,
SGP305,Singapore,K. pneumoniae,R,R,
SGP306,Singapore,K. pneumoniae,R,R,
SGP307,Singapore,K. pneumoniae,R,R,
SGP308,Singapore,K. pneumoniae,R,R,
SGP309,Singapore,K. pneumoniae,R,R,
SGP310,Singapore,K. pneumoniae,S,R,
SGP311,Singapore,K. pneumoniae,R,R,
SGP312,Singapore,K. pneumoniae,S,R,
SGP313,Singapore,K. pneumoniae,R,R,
SGP314,Singapore,K. pneumoniae,R,R,
SGP315,Singapore,K. pneumoniae,R,R,
SGP316,Singapore,K. pneumoniae,R,R,
SGP317,Singapore,K. pneumoniae,R,R,
SGP318,Singapore,K. pneumoniae,R,R,
SGP319,Singapore,K. pneumoniae,R,R,
SGP320,Singapore,K. pneumoniae,R,R,
SGP321,Singapore,K. pneumoniae,S,S,
SGP322,Singapore,K. pneumoniae,R,R,
SGP323,Singapore,K. pneumoniae,S,R,
SGP324,Singapore,K. pneumoniae,R,R,
SGP325,Singapore,K. pneumoniae,R,R,
SGP326,Singapore,K. pneumoniae,R,R,
SGP328,Singapore,K. pneumoniae,R,R,
SGP329,Singapore,K. pneumoniae,R,R,
SGP330,Singapore,K. pneumoniae,R,R,
SGP331,Singapore,K. pneumoniae,R,R,
SGP332,Singapore,K. pneumoniae,R,R,
SGP333,Singapore,K. pneumoniae,R,R,
SGP334,Singapore,K. pneumoniae,R,R,
SGP335,Singapore,K. pneumoniae,R,R,
SGP336,Singapore,K. pneumoniae,R,R,
SGP337,Singapore,K. pneumoniae,R,R,
SGP338,Singapore,K. pneumoniae,R,R,
SGP339,Singapore,K. pneumoniae,R,R,
SGP340,Singapore,K. pneumoniae,R,R,
SGP342,Singapore,K. pneumoniae,R,R,
SGP343,Singapore,K. pneumoniae,R,R,
SGP344,Singapore,K. pneumoniae,R,R,
SGP345,Singapore,K. pneumoniae,R,S,
SGP346,Singapore,K. pneumoniae,R,R,
SGP347,Singapore,K. pneumoniae,R,R,
SGP348,Singapore,K. pneumoniae,R,R,
SGP349,Singapore,K. pneumoniae,R,R,
SGP350,Singapore,E. coli,S,S,
SGP351,Singapore,E. coli,S,S,
SGP352,Singapore,E. coli,S,S,
SGP353,Singapore,E. coli,S,S,
SGP354,Singapore,E. coli,S,S,
SGP355,Singapore,E. coli,S,S,
SGP356,Singapore,E. coli,S,S,
SGP357,Singapore,E. coli,S,S,
SGP358,Singapore,E. coli,S,S,
SGP359,Singapore,E. coli,S,S,
SGP360,Singapore,E. coli,S,S,
SGP361,Singapore,E. coli,S,S,
SGP362,Singapore,E. coli,S,S,
SGP363,Singapore,E. coli,S,S,
SGP364,Singapore,E. coli,S,S,
SGP366,Singapore,E. coli,S,S,
SGP367,Singapore,E. coli,S,S,
SGP368,Singapore,E. coli,S,S,
SGP369,Singapore,E. coli,S,S,
SGP370,Singapore,E. coli,S,S,
SGP371,Singapore,E. coli,S,S,
SGP372,Singapore,E. coli,S,S,
SGP373,Singapore,E. coli,S,S,
SGP374,Singapore,E. coli,S,S,
SGP375,Singapore,E. coli,S,S,
SGP376,Singapore,E. coli,S,S,
SGP377,Singapore,E. coli,S,S,
SGP378,Singapore,E. coli,S,S,
SGP379,Singapore,E. coli,S,S,
SGP380,Singapore,E. coli,S,S,
SGP381,Singapore,E. coli,S,S,
SGP382,Singapore,E. coli,S,S,
SGP383,Singapore,E. coli,S,S,
SGP384,Singapore,E. coli,S,S,
SGP385,Singapore,E. coli,S,S,
SGP386,Singapore,E. coli,S,S,
SGP387,Singapore,E. coli,S,S,
SGP388,Singapore,E. coli,S,S,
SGP389,Singapore,E. coli,S,S,
SGP390,Singapore,E. coli,S,S,
SGP391,Singapore,E. coli,S,S,
SGP392,Singapore,E. coli,S,S,
SGP393,Singapore,E. coli,S,S,
SGP394,Singapore,E. coli,S,S,
SGP395,Singapore,E. coli,S,S,
SGP396,Singapore,E. coli,S,S,
SGP397,Singapore,E. coli,S,S,
SGP398,Singapore,E. coli,S,S,
SGP399,Singapore,E. coli,S,S,
SGP400,Singapore,E. coli,S,S,
SGP401,Singapore,E. coli,S,S,
SGP402,Singapore,E. coli,S,S,
SGP403,Singapore,E. coli,S,S,
SGP404,Singapore,K. pneumoniae,S,S,
SGP405,Singapore,K. pneumoniae,S,S,
SGP406,Singapore,K. pneumoniae,S,S,
SGP407,Singapore,K. pneumoniae,S,S,
SGP408,Singapore,K. pneumoniae,S,S,
SGP409,Singapore,K. pneumoniae,S,S,
SGP410,Singapore,K. pneumoniae,S,S,
SGP411,Singapore,K. pneumoniae,S,S,
SGP412,Singapore,K. pneumoniae,S,S,
SGP413,Singapore,K. pneumoniae,S,S,
SGP414,Singapore,K. pneumoniae,S,S,
SGP415,Singapore,K. pneumoniae,S,S,
SGP416,Singapore,K. pneumoniae,S,S,
SGP417,Singapore,K. pneumoniae,S,S,
SGP418,Singapore,K. pneumoniae,S,S,
SGP419,Singapore,K. pneumoniae,S,S,
SGP420,Singapore,K. pneumoniae,S,S,
SGP421,Singapore,K. pneumoniae,S,S,
SGP422,Singapore,K. pneumoniae,S,S,
SGP423,Singapore,K. pneumoniae,S,S,
SGP424,Singapore,K. pneumoniae,S,S,
SGP425,Singapore,K. pneumoniae,S,S,
SGP426,Singapore,K. pneumoniae,S,S,
SGP427,Singapore,K. pneumoniae,S,S,
SGP428,Singapore,K. pneumoniae,S,S,
SGP429,Singapore,K. pneumoniae,S,S,
SGP430,Singapore,K. pneumoniae,S,S,
SGP431,Singapore,K. pneumoniae,S,S,
SGP432,Singapore,K. pneumoniae,S,S,
SGP433,Singapore,K. pneumoniae,S,S,
SGP434,Singapore,K. pneumoniae,S,S,
SGP435,Singapore,K. pneumoniae,S,S,
SGP436,Singapore,K. pneumoniae,S,S,
SGP437,Singapore,K. pneumoniae,S,S,
SGP438,Singapore,K. pneumoniae,S,S,
SGP439,Singapore,K. pneumoniae,S,S,
SGP440,Singapore,K. pneumoniae,S,S,
SGP441,Singapore,K. pneumoniae,S,S,
SGP442,Singapore,K. pneumoniae,S,S,
SGP443,Singapore,K. pneumoniae,S,S,
SGP444,Singapore,K. pneumoniae,S,S,
SGP445,Singapore,K. pneumoniae,S,S,
SGP446,Singapore,K. pneumoniae,S,S,
SGP447,Singapore,K. pneumoniae,S,S,
SGP448,Singapore,K. pneumoniae,S,S,
SGP449,Singapore,K. pneumoniae,S,S,
SGP451,Singapore,K. pneumoniae,S,S,
SGP452,Singapore,K. pneumoniae,S,S,
SGP453,Singapore,K. pneumoniae,S,S,
SGP454,Singapore,K. pneumoniae,S,S,
SGP455,Singapore,K. pneumoniae,S,S,
SGP456,Singapore,K. pneumoniae,S,S,
SGP457,Singapore,K. pneumoniae,S,S,
SGP458,Singapore,K. pneumoniae,S,S,
SGP459,Singapore,K. pneumoniae,S,S,
SGP460,Singapore,K. pneumoniae,S,S,
SGP461,Singapore,K. pneumoniae,S,S,
SGP462,Singapore,K. pneumoniae,S,S,
SGP463,Singapore,K. pneumoniae,S,S,
SGP464,Singapore,K. pneumoniae,S,S,
SGP465,Singapore,K. pneumoniae,S,S,
SGP466,Singapore,K. pneumoniae,S,S,
SGP467,Singapore,K. pneumoniae,S,S,
SGP468,Singapore,K. pneumoniae,S,S,
SGP469,Singapore,K. pneumoniae,S,S,
SGP470,Singapore,K. pneumoniae,S,S,
SGP471,Singapore,K. pneumoniae,S,S,
SGP472,Singapore,K. pneumoniae,S,S,
SGP473,Singapore,K. pneumoniae,S,S,
SGP474,Singapore,K. pneumoniae,S,S,
SGP475,Singapore,K. pneumoniae,S,S,
SGP476,Singapore,K. pneumoniae,S,S,
SGP477,Singapore,K. pneumoniae,S,S,
SGP478,Singapore,K. pneumoniae,S,S,
SGP479,Singapore,K. pneumoniae,S,S,
SGP480,Singapore,K. pneumoniae,S,S,
SGP481,Singapore,K. pneumoniae,S,S,
SGP482,Singapore,K. pneumoniae,S,S,
SGP483,Singapore,K. pneumoniae,S,S,
SGP484,Singapore,K. pneumoniae,S,S,
SGP485,Singapore,K. pneumoniae,S,S,
SGP486,Singapore,K. pneumoniae,S,S,
SGP487,Singapore,K. pneumoniae,S,S,
SGP488,Singapore,K. pneumoniae,S,S,
SGP489,Singapore,K. pneumoniae,S,S,
SGP490,Singapore,K. pneumoniae,S,S,
SGP491,Singapore,K. pneumoniae,S,S,
SGP492,Singapore,K. pneumoniae,S,S,
SGP493,Singapore,K. pneumoniae,S,S,
SGP494,Singapore,K. pneumoniae,S,S,
SYD001,Sydney,E. coli,R,S,
SYD002,Sydney,E. coli,R,R,
SYD003,Sydney,E. coli,R,S,
SYD004,Sydney,E. coli,R,S,
SYD005,Sydney,E. coli,R,S,
SYD006,Sydney,E. coli,R,S,
SYD007,Sydney,E. coli,R,S,
SYD008,Sydney,E. coli,R,S,
SYD009,Sydney,E. coli,R,S,
SYD010,Sydney,E. coli,R,S,
SYD011,Sydney,E. coli,R,S,
SYD012,Sydney,E. coli,R,S,
SYD013,Sydney,E. coli,R,S,
SYD014,Sydney,E. coli,R,S,
SYD015,Sydney,E. coli,R,S,
SYD016,Sydney,E. coli,R,S,
SYD017,Sydney,E. coli,R,S,
SYD018,Sydney,E. coli,R,S,
SYD019,Sydney,E. coli,R,R,
SYD020,Sydney,E. coli,R,R,
SYD021,Sydney,E. coli,R,S,
SYD022,Sydney,E. coli,R,S,
SYD023,Sydney,E. coli,R,R,
SYD024,Sydney,E. coli,R,R,
SYD025,Sydney,E. coli,R,S,
SYD026,Sydney,E. coli,R,S,
SYD027,Sydney,E. coli,R,S,
SYD028,Sydney,E. coli,R,S,
SYD029,Sydney,E. coli,R,R,
SYD030,Sydney,E. coli,R,S,
SYD031,Sydney,E. coli,R,S,
SYD032,Sydney,E. coli,R,R,
SYD033,Sydney,E. coli,R,R,
SYD034,Sydney,E. coli,R,R,
SYD035,Sydney,E. coli,R,S,
SYD036,Sydney,E. coli,R,R,
SYD037,Sydney,E. coli,R,R,
SYD038,Sydney,E. coli,R,R,
SYD039,Sydney,E. coli,R,S,
SYD040,Sydney,E. coli,R,S,
SYD041,Sydney,E. coli,R,S,
SYD042,Sydney,E. coli,R,S,
SYD043,Sydney,E. coli,R,R,
SYD044,Sydney,E. coli,R,S,
SYD045,Sydney,E. coli,R,R,
SYD046,Sydney,E. coli,R,R,
SYD047,Sydney,E. coli,R,R,
SYD048,Sydney,E. coli,R,S,
SYD049,Sydney,E. coli,R,S,
SYD050,Sydney,E. coli,R,R,
SYD051,Sydney,E. coli,R,R,
SYD052,Sydney,E. coli,R,S,
SYD053,Sydney,E. coli,R,R,
SYD054,Sydney,E. coli,R,S,
SYD055,Sydney,E. coli,R,S,
SYD056,Sydney,E. coli,R,R,
SYD057,Sydney,E. coli,R,R,
SYD058,Sydney,E. coli,R,S,
SYD059,Sydney,E. coli,R,R,
SYD060,Sydney,E. coli,R,S,
SYD061,Sydney,E. coli,R,R,
SYD062,Sydney,E. coli,R,R,
SYD063,Sydney,E. coli,R,R,
SYD064,Sydney,E. coli,R,S,
SYD065,Sydney,E. coli,R,S,
SYD066,Sydney,E. coli,R,R,
SYD067,Sydney,E. coli,R,R,
SYD068,Sydney,E. coli,R,R,
SYD069,Sydney,E. coli,R,R,
SYD070,Sydney,E. coli,R,S,
SYD071,Sydney,E. coli,R,S,
SYD072,Sydney,E. coli,R,R,
SYD073,Sydney,E. coli,R,R,
SYD074,Sydney,E. coli,R,S,
SYD075,Sydney,E. coli,R,S,
SYD076,Sydney,E. coli,R,S,
SYD077,Sydney,E. coli,R,S,
SYD078,Sydney,E. coli,R,S,
SYD079,Sydney,E. coli,R,R,
SYD080,Sydney,E. coli,R,S,
SYD081,Sydney,E. coli,R,S,
SYD082,Sydney,E. coli,R,S,
SYD083,Sydney,E. coli,R,R,
SYD084,Sydney,E. coli,R,R,
SYD085,Sydney,E. coli,R,S,
SYD086,Sydney,E. coli,R,S,
SYD087,Sydney,E. coli,R,S,
SYD088,Sydney,E. coli,R,S,
SYD089,Sydney,E. coli,R,S,
SYD090,Sydney,E. coli,R,S,
SYD091,Sydney,E. coli,R,S,
SYD092,Sydney,E. coli,R,S,
SYD093,Sydney,E. coli,R,S,
SYD094,Sydney,E. coli,R,S,
SYD095,Sydney,E. coli,R,S,
SYD096,Sydney,E. coli,R,S,
SYD097,Sydney,E. coli,R,S,
SYD098,Sydney,E. coli,R,S,
SYD099,Sydney,E. coli,R,S,
SYD100,Sydney,E. coli,R,S,
SYD101,Sydney,K. pneumoniae,R,R,
SYD102,Sydney,K. pneumoniae,R,R,
SYD103,Sydney,K. pneumoniae,R,S,
SYD104,Sydney,K. pneumoniae,R,R,
SYD105,Sydney,K. pneumoniae,R,R,
SYD106,Sydney,K. pneumoniae,R,R,
SYD107,Sydney,K. pneumoniae,R,R,
SYD108,Sydney,K. pneumoniae,R,S,
SYD109,Sydney,K. pneumoniae,R,S,
SYD110,Sydney,K. pneumoniae,R,R,
SYD111,Sydney,K. pneumoniae,R,R,
SYD112,Sydney,K. pneumoniae,R,R,
SYD113,Sydney,K. pneumoniae,R,R,
SYD114,Sydney,K. pneumoniae,R,R,
SYD115,Sydney,K. pneumoniae,R,S,
SYD116,Sydney,K. pneumoniae,R,S,
SYD117,Sydney,K. pneumoniae,R,R,
SYD118,Sydney,K. pneumoniae,R,R,
SYD119,Sydney,K. pneumoniae,R,R,
SYD120,Sydney,K. pneumoniae,R,R,
SYD121,Sydney,K. pneumoniae,R,R,
SYD122,Sydney,K. pneumoniae,R,R,
SYD123,Sydney,K. pneumoniae,R,R,
SYD124,Sydney,K. pneumoniae,R,R,
SYD125,Sydney,K. pneumoniae,R,S,
SYD126,Sydney,K. pneumoniae,R,R,
SYD127,Sydney,K. pneumoniae,R,R,
SYD128,Sydney,K. pneumoniae,R,R,
SYD129,Sydney,K. pneumoniae,R,S,
SYD130,Sydney,K. pneumoniae,R,R,
SYD131,Sydney,K. pneumoniae,R,R,
SYD132,Sydney,K. pneumoniae,R,S,
SYD133,Sydney,K. pneumoniae,R,S,
SYD134,Sydney,K. pneumoniae,R,S,
SYD135,Sydney,K. pneumoniae,R,S,
SYD136,Sydney,K. pneumoniae,R,S,
SYD137,Sydney,K. pneumoniae,R,S,
SYD138,Sydney,K. pneumoniae,R,S,
SYD139,Sydney,K. pneumoniae,R,R,
SYD140,Sydney,K. pneumoniae,R,R,
SYD141,Sydney,K. pneumoniae,R,R,
SYD142,Sydney,K. pneumoniae,R,S,
SYD143,Sydney,K. pneumoniae,R,R,
SYD144,Sydney,K. pneumoniae,R,R,
SYD145,Sydney,K. pneumoniae,R,S,
SYD146,Sydney,K. pneumoniae,R,R,
SYD147,Sydney,K. pneumoniae,R,S,
SYD148,Sydney,K. pneumoniae,R,R,
SYD149,Sydney,K. pneumoniae,R,S,
SYD150,Sydney,K. pneumoniae,R,R,
SYD151,Sydney,K. pneumoniae,R,R,
SYD152,Sydney,K. pneumoniae,R,S,
SYD153,Sydney,K. pneumoniae,R,S,
SYD154,Sydney,K. pneumoniae,R,S,
SYD155,Sydney,K. pneumoniae,R,R,
SYD156,Sydney,K. pneumoniae,R,S,
SYD157,Sydney,K. pneumoniae,R,R,
SYD158,Sydney,K. pneumoniae,R,S,
SYD159,Sydney,K. pneumoniae,R,R,
SYD160,Sydney,K. pneumoniae,R,R,
SYD161,Sydney,K. pneumoniae,R,S,
SYD162,Sydney,K. pneumoniae,R,S,
SYD163,Sydney,K. pneumoniae,R,R,
SYD164,Sydney,K. pneumoniae,R,R,
SYD165,Sydney,K. pneumoniae,R,R,
SYD166,Sydney,K. pneumoniae,R,S,
SYD167,Sydney,K. pneumoniae,R,R,
SYD168,Sydney,K. pneumoniae,R,R,
SYD169,Sydney,K. pneumoniae,R,R,
SYD170,Sydney,K. pneumoniae,R,R,
SYD171,Sydney,K. pneumoniae,R,R,
SYD172,Sydney,K. pneumoniae,R,S,
SYD173,Sydney,K. pneumoniae,R,S,
SYD174,Sydney,K. pneumoniae,R,S,
SYD175,Sydney,K. pneumoniae,R,S,
SYD176,Sydney,K. pneumoniae,R,R,
SYD177,Sydney,K. pneumoniae,R,R,
SYD178,Sydney,K. pneumoniae,R,S,
SYD179,Sydney,K. pneumoniae,R,R,
SYD180,Sydney,K. pneumoniae,R,R,
SYD181,Sydney,K. pneumoniae,R,R,
SYD182,Sydney,K. pneumoniae,R,S,
SYD183,Sydney,K. pneumoniae,R,S,
SYD184,Sydney,K. pneumoniae,R,R,
SYD185,Sydney,K. pneumoniae,R,R,
SYD186,Sydney,K. pneumoniae,R,R,
SYD187,Sydney,K. pneumoniae,R,R,
SYD188,Sydney,K. pneumoniae,R,R,
SYD189,Sydney,K. pneumoniae,R,R,
SYD190,Sydney,K. pneumoniae,R,S,
SYD191,Sydney,K. pneumoniae,R,R,
SYD192,Sydney,K. pneumoniae,R,R,
SYD193,Sydney,K. pneumoniae,R,S,
SYD194,Sydney,K. pneumoniae,R,S,
SYD195,Sydney,K. pneumoniae,R,S,
SYD196,Sydney,K. pneumoniae,R,S,
SYD197,Sydney,K. pneumoniae,R,S,
SYD198,Sydney,K. pneumoniae,R,S,
SYD199,Sydney,K. pneumoniae,R,S,
SYD200,Sydney,K. pneumoniae,R,S,
SYD201,Sydney,E. coli,S,R,
SYD202,Sydney,E. coli,S,R,
SYD203,Sydney,E. coli,S,R,
SYD204,Sydney,E. coli,S,R,
SYD205,Sydney,E. coli,S,R,
SYD206,Sydney,E. coli,S,R,
SYD207,Sydney,E. coli,S,R,
SYD208,Sydney,E. coli,S,R,
SYD209,Sydney,E. coli,S,R,
SYD210,Sydney,E. coli,S,R,
SYD211,Sydney,E. coli,S,R,
SYD212,Sydney,E. coli,R,R,
SYD213,Sydney,E. coli,S,R,
SYD214,Sydney,E. coli,S,R,
SYD215,Sydney,E. coli,S,R,
SYD216,Sydney,E. coli,S,R,
SYD217,Sydney,E. coli,S,R,
SYD218,Sydney,E. coli,S,R,
SYD219,Sydney,E. coli,S,R,
SYD220,Sydney,E. coli,S,R,
SYD221,Sydney,E. coli,S,R,
SYD222,Sydney,E. coli,S,R,
SYD223,Sydney,E. coli,S,R,
SYD224,Sydney,E. coli,S,R,
SYD225,Sydney,E. coli,S,R,
SYD226,Sydney,E. coli,R,R,
SYD227,Sydney,E. coli,S,R,
SYD228,Sydney,E. coli,S,R,
SYD229,Sydney,E. coli,S,R,
SYD230,Sydney,E. coli,S,R,
SYD231,Sydney,E. coli,S,R,
SYD232,Sydney,E. coli,S,R,
SYD233,Sydney,E. coli,R,R,
SYD234,Sydney,E. coli,S,R,
SYD235,Sydney,E. coli,R,R,
SYD236,Sydney,E. coli,S,R,
SYD237,Sydney,E. coli,R,R,
SYD238,Sydney,E. coli,R,R,
SYD239,Sydney,E. coli,S,R,
SYD240,Sydney,E. coli,R,R,
SYD241,Sydney,E. coli,R,R,
SYD242,Sydney,E. coli,R,R,
SYD243,Sydney,E. coli,R,R,
SYD244,Sydney,E. coli,R,R,
SYD245,Sydney,E. coli,S,R,
SYD246,Sydney,E. coli,R,R,
SYD247,Sydney,E. coli,S,R,
SYD248,Sydney,E. coli,S,R,
SYD249,Sydney,E. coli,R,R,
SYD250,Sydney,E. coli,R,R,
SYD251,Sydney,E. coli,S,R,
SYD252,Sydney,E. coli,R,R,
SYD253,Sydney,E. coli,R,R,
SYD254,Sydney,E. coli,R,R,
SYD255,Sydney,E. coli,S,R,
SYD256,Sydney,E. coli,S,R,
SYD257,Sydney,E. coli,R,R,
SYD258,Sydney,E. coli,R,R,
SYD259,Sydney,E. coli,R,R,
SYD260,Sydney,E. coli,S,R,
SYD261,Sydney,E. coli,R,R,
SYD262,Sydney,E. coli,R,R,
SYD263,Sydney,E. coli,S,R,
SYD264,Sydney,E. coli,S,R,
SYD265,Sydney,E. coli,S,R,
SYD266,Sydney,E. coli,R,R,
SYD267,Sydney,E. coli,S,R,
SYD268,Sydney,E. coli,R,R,
SYD269,Sydney,E. coli,S,R,
SYD270,Sydney,E. coli,R,R,
SYD271,Sydney,E. coli,S,R,
SYD272,Sydney,E. coli,S,R,
SYD273,Sydney,E. coli,S,R,
SYD274,Sydney,E. coli,S,R,
SYD275,Sydney,E. coli,R,R,
SYD276,Sydney,E. coli,S,R,
SYD277,Sydney,E. coli,S,R,
SYD278,Sydney,E. coli,S,R,
SYD279,Sydney,E. coli,S,R,
SYD280,Sydney,E. coli,S,R,
SYD281,Sydney,E. coli,R,R,
SYD282,Sydney,E. coli,S,R,
SYD283,Sydney,E. coli,S,R,
SYD284,Sydney,E. coli,R,R,
SYD285,Sydney,E. coli,R,R,
SYD286,Sydney,E. coli,R,R,
SYD287,Sydney,E. coli,S,R,
SYD288,Sydney,E. coli,R,R,
SYD289,Sydney,E. coli,R,R,
SYD290,Sydney,E. coli,S,R,
SYD291,Sydney,E. coli,R,R,
SYD292,Sydney,E. coli,R,R,
SYD293,Sydney,E. coli,S,R,
SYD294,Sydney,E. coli,S,R,
SYD295,Sydney,E. coli,S,R,
SYD296,Sydney,E. coli,S,R,
SYD297,Sydney,E. coli,R,R,
SYD298,Sydney,E. coli,R,R,
SYD299,Sydney,E. coli,R,R,
SYD300,Sydney,E. coli,S,R,
SYD301,Sydney,K. pneumoniae,S,R,
SYD302,Sydney,K. pneumoniae,S,R,
SYD303,Sydney,K. pneumoniae,S,R,
SYD304,Sydney,K. pneumoniae,S,R,
SYD305,Sydney,K. pneumoniae,R,R,
SYD306,Sydney,K. pneumoniae,R,R,
SYD307,Sydney,K. pneumoniae,R,R,
SYD308,Sydney,K. pneumoniae,R,R,
SYD309,Sydney,K. pneumoniae,R,R,
SYD310,Sydney,K. pneumoniae,R,R,
SYD311,Sydney,K. pneumoniae,R,S,
SYD312,Sydney,K. pneumoniae,R,R,
SYD313,Sydney,K. pneumoniae,R,R,
SYD314,Sydney,K. pneumoniae,R,R,
SYD315,Sydney,K. pneumoniae,R,R,
SYD316,Sydney,K. pneumoniae,R,R,
SYD317,Sydney,K. pneumoniae,R,R,
SYD318,Sydney,K. pneumoniae,R,R,
SYD319,Sydney,K. pneumoniae,R,R,
SYD320,Sydney,K. pneumoniae,R,R,
SYD321,Sydney,K. pneumoniae,R,R,
SYD322,Sydney,K. pneumoniae,R,R,
SYD323,Sydney,K. pneumoniae,R,R,
SYD324,Sydney,K. pneumoniae,R,R,
SYD325,Sydney,K. pneumoniae,R,R,
SYD326,Sydney,K. pneumoniae,R,R,
SYD327,Sydney,K. pneumoniae,R,R,
SYD328,Sydney,K. pneumoniae,R,R,
SYD329,Sydney,K. pneumoniae,R,R,
SYD330,Sydney,K. pneumoniae,R,R,
SYD331,Sydney,K. pneumoniae,R,R,
SYD332,Sydney,K. pneumoniae,R,R,
SYD333,Sydney,K. pneumoniae,R,R,
SYD334,Sydney,K. pneumoniae,R,R,
SYD335,Sydney,K. pneumoniae,R,R,
SYD336,Sydney,K. pneumoniae,R,R,
SYD337,Sydney,K. pneumoniae,R,R,
SYD338,Sydney,K. pneumoniae,R,R,
SYD339,Sydney,K. pneumoniae,R,R,
SYD340,Sydney,K. pneumoniae,R,R,
SYD341,Sydney,K. pneumoniae,R,R,
SYD342,Sydney,K. pneumoniae,R,R,
SYD343,Sydney,K. pneumoniae,R,R,
SYD344,Sydney,K. pneumoniae,R,R,
SYD402,Sydney,E. coli,S,S,
SYD403,Sydney,E. coli,S,S,
SYD404,Sydney,E. coli,S,S,
SYD405,Sydney,E. coli,S,S,
SYD406,Sydney,E. coli,S,S,
SYD407,Sydney,E. coli,S,S,
SYD408,Sydney,E. coli,S,S,
SYD409,Sydney,E. coli,S,S,
SYD410,Sydney,E. coli,S,S,
SYD411,Sydney,E. coli,S,S,
SYD412,Sydney,E. coli,S,S,
SYD413,Sydney,E. coli,S,S,
SYD414,Sydney,E. coli,S,S,
SYD415,Sydney,E. coli,S,S,
SYD416,Sydney,E. coli,S,S,
SYD417,Sydney,E. coli,S,S,
SYD418,Sydney,E. coli,S,S,
SYD419,Sydney,E. coli,S,S,
SYD420,Sydney,E. coli,S,S,
SYD421,Sydney,E. coli,S,S,
SYD422,Sydney,E. coli,S,S,
SYD423,Sydney,E. coli,S,S,
SYD424,Sydney,E. coli,S,S,
SYD426,Sydney,E. coli,S,S,
SYD427,Sydney,E. coli,S,S,
SYD428,Sydney,E. coli,S,S,
SYD429,Sydney,E. coli,S,S,
SYD430,Sydney,E. coli,S,S,
SYD431,Sydney,E. coli,S,S,
SYD432,Sydney,E. coli,S,S,
SYD433,Sydney,E. coli,S,S,
SYD434,Sydney,E. coli,S,S,
SYD435,Sydney,E. coli,S,S,
SYD436,Sydney,E. coli,S,S,
SYD437,Sydney,E. coli,S,S,
SYD438,Sydney,E. coli,S,S,
SYD439,Sydney,E. coli,S,S,
SYD440,Sydney,E. coli,S,S,
SYD441,Sydney,E. coli,S,S,
SYD442,Sydney,E. coli,S,S,
SYD443,Sydney,E. coli,S,S,
SYD444,Sydney,E. coli,S,S,
SYD445,Sydney,E. coli,S,S,
SYD446,Sydney,E. coli,S,S,
SYD447,Sydney,E. coli,S,S,
SYD448,Sydney,E. coli,S,S,
SYD449,Sydney,E. coli,S,S,
SYD450,Sydney,E. coli,S,S,
SYD451,Sydney,K. pneumoniae,S,S,
SYD452,Sydney,K. pneumoniae,S,S,
SYD453,Sydney,K. pneumoniae,S,S,
SYD454,Sydney,K. pneumoniae,S,S,
SYD455,Sydney,K. pneumoniae,S,S,
SYD456,Sydney,K. pneumoniae,S,S,
SYD457,Sydney,K. pneumoniae,S,S,
SYD458,Sydney,K. pneumoniae,S,S,
SYD459,Sydney,K. pneumoniae,S,S,
SYD460,Sydney,K. pneumoniae,S,S,
SYD461,Sydney,K. pneumoniae,S,S,
SYD462,Sydney,K. pneumoniae,S,S,
SYD463,Sydney,K. pneumoniae,S,S,
SYD464,Sydney,K. pneumoniae,S,S,
SYD465,Sydney,K. pneumoniae,S,S,
SYD466,Sydney,K. pneumoniae,S,S,
SYD467,Sydney,K. pneumoniae,S,S,
SYD468,Sydney,K. pneumoniae,S,S,
SYD469,Sydney,K. pneumoniae,S,S,
SYD470,Sydney,K. pneumoniae,S,S,
SYD471,Sydney,K. pneumoniae,S,S,
SYD472,Sydney,K. pneumoniae,S,S,
SYD473,Sydney,K. pneumoniae,S,S,
SYD474,Sydney,K. pneumoniae,S,S,
SYD476,Sydney,K. pneumoniae,S,S,
SYD477,Sydney,K. pneumoniae,S,S,
SYD478,Sydney,K. pneumoniae,S,S,
SYD479,Sydney,K. pneumoniae,S,S,
SYD480,Sydney,K. pneumoniae,S,S,
SYD482,Sydney,K. pneumoniae,S,S,
SYD483,Sydney,K. pneumoniae,S,S,
SYD484,Sydney,K. pneumoniae,S,S,
SYD485,Sydney,K. pneumoniae,S,S,
SYD486,Sydney,K. pneumoniae,S,S,
SYD487,Sydney,K. pneumoniae,S,S,
SYD488,Sydney,K. pneumoniae,S,S,
SYD489,Sydney,K. pneumoniae,S,S,
SYD490,Sydney,K. pneumoniae,S,S,
SYD491,Sydney,K. pneumoniae,S,S,
SYD492,Sydney,K. pneumoniae,S,S,
SYD493,Sydney,K. pneumoniae,S,S,
SYD494,Sydney,K. pneumoniae,S,S,
SYD495,Sydney,K. pneumoniae,S,S,
SYD496,Sydney,K. pneumoniae,S,S,
SYD497,Sydney,K. pneumoniae,S,S,
SYD498,Sydney,K. pneumoniae,S,S,
SYD499,Sydney,K. pneumoniae,S,S,
SYD500,Sydney,K. pneumoniae,S,S,
VNM001,Vietnam,E. coli,R,,
VNM002,Vietnam,E. coli,R,,
VNM003,Vietnam,E. coli,R,,
VNM004,Vietnam,E. coli,R,,
VNM005,Vietnam,E. coli,R,,
VNM006,Vietnam,E. coli,R,,
VNM007,Vietnam,E. coli,R,,
VNM008,Vietnam,E. coli,R,,
VNM009,Vietnam,E. coli,R,,
VNM010,Vietnam,E. coli,R,,
VNM011,Vietnam,E. coli,R,,
VNM012,Vietnam,E. coli,R,,
VNM013,Vietnam,E. coli,R,,
VNM014,Vietnam,E. coli,R,,
VNM015,Vietnam,E. coli,R,,
VNM016,Vietnam,E. coli,R,,
VNM017,Vietnam,E. coli,R,,
VNM018,Vietnam,E. coli,R,,
VNM019,Vietnam,E. coli,R,,
VNM020,Vietnam,E. coli,R,,
VNM021,Vietnam,E. coli,R,,
VNM022,Vietnam,E. coli,R,,
VNM023,Vietnam,E. coli,R,,
VNM024,Vietnam,E. coli,R,,
VNM025,Vietnam,E. coli,R,,
VNM026,Vietnam,E. coli,R,,
VNM027,Vietnam,E. coli,R,,
VNM028,Vietnam,E. coli,R,,
VNM029,Vietnam,E. coli,R,,
VNM030,Vietnam,E. coli,R,,
VNM031,Vietnam,E. coli,R,,
VNM032,Vietnam,E. coli,R,,
VNM033,Vietnam,E. coli,R,,
VNM034,Vietnam,E. coli,R,,
VNM035,Vietnam,E. coli,R,,
VNM036,Vietnam,E. coli,R,,
VNM037,Vietnam,E. coli,R,,
VNM038,Vietnam,E. coli,R,,
VNM039,Vietnam,E. coli,R,,
VNM040,Vietnam,E. coli,R,,
VNM041,Vietnam,E. coli,R,,
VNM042,Vietnam,E. coli,R,,
VNM043,Vietnam,E. coli,R,,
VNM044,Vietnam,E. coli,R,,
VNM045,Vietnam,E. coli,R,,
VNM046,Vietnam,E. coli,R,,
VNM047,Vietnam,E. coli,R,,
VNM048,Vietnam,E. coli,R,,
VNM049,Vietnam,E. coli,R,,
VNM050,Vietnam,E. coli,R,,
VNM051,Vietnam,E. coli,R,,
VNM052,Vietnam,E. coli,R,,
VNM053,Vietnam,E. coli,R,,
VNM054,Vietnam,E. coli,R,,
VNM055,Vietnam,E. coli,R,,
VNM056,Vietnam,E. coli,R,,
VNM057,Vietnam,E. coli,R,,
VNM058,Vietnam,E. coli,R,,
VNM059,Vietnam,E. coli,R,,
VNM060,Vietnam,E. coli,R,,
VNM061,Vietnam,E. coli,R,,
VNM062,Vietnam,E. coli,R,,
VNM063,Vietnam,E. coli,R,,
VNM064,Vietnam,E. coli,R,,
VNM065,Vietnam,E. coli,R,,
VNM066,Vietnam,E. coli,R,,
VNM067,Vietnam,E. coli,R,,
VNM068,Vietnam,E. coli,R,,
VNM069,Vietnam,E. coli,R,,
VNM070,Vietnam,E. coli,R,,
VNM071,Vietnam,E. coli,R,,
VNM072,Vietnam,E. coli,R,,
VNM073,Vietnam,E. coli,R,,
VNM074,Vietnam,E. coli,R,,
VNM075,Vietnam,E. coli,R,,
VNM076,Vietnam,E. coli,R,,
VNM077,Vietnam,E. coli,R,,
VNM078,Vietnam,E. coli,R,,
VNM079,Vietnam,E. coli,R,,
VNM080,Vietnam,E. coli,R,,
VNM081,Vietnam,E. coli,R,,
VNM082,Vietnam,E. coli,R,,
VNM083,Vietnam,E. coli,R,,
VNM084,Vietnam,E. coli,R,,
VNM085,Vietnam,E. coli,R,,
VNM086,Vietnam,E. coli,R,,
VNM087,Vietnam,E. coli,R,,
VNM088,Vietnam,E. coli,R,,
VNM089,Vietnam,E. coli,R,,
VNM090,Vietnam,E. coli,R,,
VNM091,Vietnam,E. coli,R,,
VNM092,Vietnam,E. coli,R,,
VNM093,Vietnam,E. coli,R,,
VNM094,Vietnam,E. coli,R,,
VNM095,Vietnam,E. coli,R,,
VNM096,Vietnam,E. coli,R,,
VNM097,Vietnam,E. coli,R,,
VNM098,Vietnam,E. coli,R,,
VNM099,Vietnam,E. coli,R,,
VNM100,Vietnam,E. coli,R,,
VNM101,Vietnam,E. coli,R,,
VNM102,Vietnam,E. coli,R,,
VNM103,Vietnam,E. coli,R,,
VNM104,Vietnam,E. coli,R,,
VNM105,Vietnam,E. coli,R,,
VNM106,Vietnam,E. coli,R,,
VNM107,Vietnam,E. coli,R,,
VNM108,Vietnam,E. coli,R,,
VNM109,Vietnam,E. coli,R,,
VNM110,Vietnam,E. coli,R,,
VNM111,Vietnam,E. coli,R,,
VNM112,Vietnam,E. coli,R,,
VNM113,Vietnam,E. coli,R,,
VNM114,Vietnam,E. coli,R,,
VNM115,Vietnam,E. coli,R,,
VNM116,Vietnam,E. coli,R,,
VNM117,Vietnam,E. coli,R,,
VNM118,Vietnam,E. coli,R,,
VNM119,Vietnam,E. coli,R,,
VNM120,Vietnam,E. coli,R,,
VNM121,Vietnam,E. coli,R,,
VNM122,Vietnam,E. coli,R,,
VNM123,Vietnam,E. coli,R,,
VNM124,Vietnam,E. coli,R,,
VNM125,Vietnam,E. coli,R,,
VNM126,Vietnam,E. coli,S,,
VNM127,Vietnam,K. pneumoniae,R,,
VNM128,Vietnam,K. pneumoniae,R,,
VNM129,Vietnam,K. pneumoniae,R,,
VNM130,Vietnam,K. pneumoniae,R,,
VNM131,Vietnam,K. pneumoniae,R,,
VNM132,Vietnam,K. pneumoniae,R,,
VNM133,Vietnam,K. pneumoniae,R,,
VNM134,Vietnam,K. pneumoniae,R,,
VNM135,Vietnam,K. pneumoniae,R,,
VNM136,Vietnam,K. pneumoniae,R,,
VNM137,Vietnam,K. pneumoniae,R,,
VNM138,Vietnam,K. pneumoniae,R,,
VNM139,Vietnam,K. pneumoniae,R,,
VNM140,Vietnam,K. pneumoniae,R,,
VNM141,Vietnam,K. pneumoniae,R,,
VNM142,Vietnam,K. pneumoniae,R,,
VNM143,Vietnam,K. pneumoniae,R,,
VNM144,Vietnam,K. pneumoniae,R,,
VNM145,Vietnam,K. pneumoniae,R,,
VNM146,Vietnam,K. pneumoniae,R,,
VNM147,Vietnam,K. pneumoniae,R,,
VNM148,Vietnam,K. pneumoniae,R,,
VNM149,Vietnam,K. pneumoniae,R,,
VNM150,Vietnam,K. pneumoniae,R,,
VNM151,Vietnam,E. coli,S,,
VNM152,Vietnam,E. coli,S,,
VNM153,Vietnam,E. coli,S,,
VNM154,Vietnam,E. coli,S,,
VNM155,Vietnam,E. coli,S,,
VNM156,Vietnam,E. coli,S,,
VNM157,Vietnam,E. coli,S,,
VNM158,Vietnam,E. coli,S,,
VNM159,Vietnam,E. coli,S,,
VNM160,Vietnam,E. coli,S,,
VNM161,Vietnam,E. coli,S,,
VNM162,Vietnam,E. coli,S,,
VNM163,Vietnam,E. coli,S,,
VNM164,Vietnam,E. coli,S,,
VNM165,Vietnam,E. coli,S,,
VNM166,Vietnam,E. coli,S,,
VNM167,Vietnam,E. coli,S,,
VNM168,Vietnam,E. coli,S,,
VNM169,Vietnam,E. coli,S,,
VNM170,Vietnam,E. coli,S,,
VNM171,Vietnam,E. coli,S,,
VNM172,Vietnam,E. coli,S,,
VNM173,Vietnam,E. coli,S,,
VNM174,Vietnam,E. coli,S,,
VNM175,Vietnam,E. coli,S,,
VNM176,Vietnam,E. coli,S,,
VNM177,Vietnam,E. coli,S,,
VNM178,Vietnam,E. coli,S,,
VNM179,Vietnam,E. coli,S,,
VNM180,Vietnam,E. coli,S,,
VNM181,Vietnam,E. coli,S,,
VNM182,Vietnam,E. coli,S,,
VNM183,Vietnam,E. coli,S,,
VNM184,Vietnam,K. pneumoniae,S,,
VNM185,Vietnam,K. pneumoniae,S,,
VNM186,Vietnam,K. pneumoniae,S,,
VNM187,Vietnam,K. pneumoniae,S,,
VNM188,Vietnam,K. pneumoniae,S,,
VNM189,Vietnam,K. pneumoniae,S,,
VNM190,Vietnam,K. pneumoniae,S,,
VNM191,Vietnam,K. pneumoniae,S,,
VNM192,Vietnam,K. pneumoniae,S,,
VNM193,Vietnam,K. pneumoniae,S,,
VNM194,Vietnam,K. pneumoniae,S,,
VNM195,Vietnam,K. pneumoniae,S,,
VNM196,Vietnam,K. pneumoniae,S,,
VNM197,Vietnam,K. pneumoniae,S,,
VNM198,Vietnam,K. pneumoniae,S,,
VNM199,Vietnam,K. pneumoniae,S,,
VNM200,Vietnam,K. pneumoniae,S,,
VNM201,Vietnam,K. pneumoniae,S,,
VNM202,Vietnam,K. pneumoniae,S,,
VNM203,Vietnam,K. pneumoniae,S,,
VNM204,Vietnam,K. pneumoniae,S,,
VNM205,Vietnam,K. pneumoniae,S,,
VNM206,Vietnam,K. pneumoniae,S,,
VNM207,Vietnam,K. pneumoniae,S,,
VNM208,Vietnam,K. pneumoniae,S,,
VNM209,Vietnam,K. pneumoniae,S,,
VNM210,Vietnam,K. pneumoniae,S,,
VNM211,Vietnam,K. pneumoniae,S,,
VNM212,Vietnam,K. pneumoniae,S,,
VNM213,Vietnam,K. pneumoniae,S,,
VNM214,Vietnam,K. pneumoniae,S,,
VNM215,Vietnam,K. pneumoniae,S,,
VNM216,Vietnam,K. pneumoniae,S,,
