Rule_ID,Gene,Primer_1,Call_1,Primer_2,Call_2,Primer_3,Call_3,Primer_4,Call_4,Primer_5,Call_5,Primer_6,Call_6,Final_Interpretation
1,aac(3)-II,aac(3)-II,G,aac(3)-II_3ab#1,MUT.A,aac(3)-II_3ab#2,blank,,,,,,,aac(3)-II_2MUT_3neg
2,aac(3)-II,aac(3)-II,blank,aac(3)-II_3ab#1,G,aac(3)-II_3ab#2,blank,,,,,,,aac(3)-II_3neg
3,aac(3)-II,aac(3)-II,C,aac(3)-II_3ab#1,G,aac(3)-II_3ab#2,blank,,,,,,,aac(3)-II_3neg
4,aac(3)-II,aac(3)-II,G,aac(3)-II_3ab#1,G,aac(3)-II_3ab#2,blank,,,,,,,aac(3)-II_3neg
5,aac(3)-II,aac(3)-II,GC,aac(3)-II_3ab#1,G,aac(3)-II_3ab#2,blank,,,,,,,aac(3)-II_3neg
6,aac(3)-II,aac(3)-II,blank,aac(3)-II_3ab#1,G,aac(3)-II_3ab#2,T,,,,,,,aac(3)-IId
7,aac(3)-II,aac(3)-II,C,aac(3)-II_3ab#1,G,aac(3)-II_3ab#2,T,,,,,,,aac(3)-IId
8,aac(3)-II,aac(3)-II,G,aac(3)-II_3ab#1,G,aac(3)-II_3ab#2,T,,,,,,,aac(3)-IId
9,aac(3)-II,aac(3)-II,GC,aac(3)-II_3ab#1,G,aac(3)-II_3ab#2,T,,,,,,,aac(3)-IId
10,aac(3)-II,aac(3)-II,GC,aac(3)-II_3ab#1,AG,aac(3)-II_3ab#2,T,,,,,,,aac(3)-IId_2mix
11,aac(3)-II,aac(3)-II,G,aac(3)-II_3ab#1,AG,aac(3)-II_3ab#2,T,,,,,,,aac(3)-IId+_2mix
12,aac(3)-II,aac(3)-II,blank,aac(3)-II_3ab#1,AG,aac(3)-II_3ab#2,TC,,,,,,,aac(3)-IId+IIe
13,aac(3)-II,aac(3)-II,G,aac(3)-II_3ab#1,AG,aac(3)-II_3ab#2,TC,,,,,,,aac(3)-IId+IIe
14,aac(3)-II,aac(3)-II,GC,aac(3)-II_3ab#1,AG,aac(3)-II_3ab#2,TC,,,,,,,aac(3)-IId+IIe
15,aac(3)-II,aac(3)-II,blank,aac(3)-II_3ab#1,A,aac(3)-II_3ab#2,C,,,,,,,aac(3)-IIe
16,aac(3)-II,aac(3)-II,G,aac(3)-II_3ab#1,A,aac(3)-II_3ab#2,C,,,,,,,aac(3)-IIe
17,aac(3)-II,aac(3)-II,GC,aac(3)-II_3ab#1,A,aac(3)-II_3ab#2,C,,,,,,,aac(3)-IIe
18,aac(3)-II,aac(3)-II,GC,aac(3)-II_3ab#1,AG,aac(3)-II_3ab#2,C,,,,,,,aac(3)-IIe_2mix
19,aac(3)-II,aac(3)-II,GC,aac(3)-II_3ab#1,A,aac(3)-II_3ab#2,TC,,,,,,,aac(3)-IIe_3mix
20,aac(3)-II,aac(3)-II,blank,aac(3)-II_3ab#1,A,aac(3)-II_3ab#2,blank,,,,,,,aac(3)-IIe_3neg
21,aac(3)-II,aac(3)-II,C,aac(3)-II_3ab#1,A,aac(3)-II_3ab#2,blank,,,,,,,aac(3)-IIe_3neg
22,aac(3)-II,aac(3)-II,G,aac(3)-II_3ab#1,A,aac(3)-II_3ab#2,blank,,,,,,,aac(3)-IIe_3neg
23,aac(3)-II,aac(3)-II,GC,aac(3)-II_3ab#1,A,aac(3)-II_3ab#2,blank,,,,,,,aac(3)-IIe_3neg
24,aac(3)-II,aac(3)-II,G,aac(3)-II_3ab#1,AG,aac(3)-II_3ab#2,C,,,,,,,aac(3)-IIe+_2mix
25,aac(3)-II,aac(3)-II,blank,aac(3)-II_3ab#1,AG,aac(3)-II_3ab#2,blank,,,,,,,aac(3)-IIe+_3neg
26,aac(3)-II,aac(3)-II,G,aac(3)-II_3ab#1,AG,aac(3)-II_3ab#2,blank,,,,,,,aac(3)-IIe+_3neg
27,aac(3)-II,aac(3)-II,GC,aac(3)-II_3ab#1,AG,aac(3)-II_3ab#2,blank,,,,,,,aac(3)-IIe+_3neg
28,aac(3)-II,aac(3)-II,C,aac(3)-II_3ab#1,blank,aac(3)-II_3ab#2,blank,,,,,,,negative
29,aac(3)-II,aac(3)-II,G,aac(3)-II_3ab#1,blank,aac(3)-II_3ab#2,blank,,,,,,,negative
30,aac(3)-II,aac(3)-II,GC,aac(3)-II_3ab#1,blank,aac(3)-II_3ab#2,blank,,,,,,,negative
31,aacA27,aac6-Ib/II,C,,,,,,,,,,,aacA27
32,aacA4,aacA4_cr_GA#1,T,aacA4_cr_GA#2,T,,,,,,,,,aacA4AMK
33,aacA4,aacA4_cr_GA#1,MUT.T,aacA4_cr_GA#2,T,,,,,,,,,aacA4AMK+crC
34,aacA4,aacA4_cr_GA#1,A,aacA4_cr_GA#2,T,,,,,,,,,aacA4crA
35,aacA4,aacA4_cr_GA#1,A,aacA4_cr_GA#2,blank,,,,,,,,,aacA4crA_2neg
36,aacA4,aacA4_cr_GA#1,MUT.A,aacA4_cr_GA#2,T,,,,,,,,,aacA4crA+C
37,aacA4,aacA4_cr_GA#1,MUT,aacA4_cr_GA#2,T,,,,,,,,,aacA4crC
38,aacA4,aacA4_cr_GA#1,MUT,aacA4_cr_GA#2,blank,,,,,,,,,aacA4crC_2neg
39,aacA4,aacA4_cr_GA#1,T,aacA4_cr_GA#2,C,,,,,,,,,aacA4GEN
40,aacA4,aacA4_cr_GA#1,blank,aacA4_cr_GA#2,C,,,,,,,,,aacA4GEN_1neg
41,aacA4,aacA4_cr_GA#1,blank,aacA4_cr_GA#2,CT,,,,,,,,,aacA4GEN+_1neg_2mix
42,aacA4,aacA4_cr_GA#1,MUT,aacA4_cr_GA#2,CT,,,,,,,,,aacA4GEN+_2mix
43,aacA4,aacA4_cr_GA#1,T,aacA4_cr_GA#2,CT,,,,,,,,,aacA4GEN+AMK
44,aacA4,aacA4_cr_GA#1,AT,aacA4_cr_GA#2,CT,,,,,,,,,aacA4GEN+crA(AMK)
45,aacA4,aacA4_cr_GA#1,MUT.T,aacA4_cr_GA#2,CT,,,,,,,,,aacA4GEN+crC(AMK)
46,aacA4,aacA4_cr_GA#1,T,aacA4_cr_GA#2,blank,,,,,,,,,aacA4GENÒAMK_2neg
47,aacA4,aacA4_cr_GA#1,blank,aacA4_cr_GA#2,T,,,,,,,,,aacA4notGEN_1neg
48,aadB,aadB_2,T,,,,,,,,,,,aadB
49,blaACT/blaMIR,ACT-MIR_A,blank,ACT-MIR_B_3,AT,,,,,,,,,blaACT_2mix
50,blaACT/blaMIR,ACT-MIR_A,blank,ACT-MIR_B_3,MUT.T,,,,,,,,,blaACT_2MUTmix
51,blaACT/blaMIR,ACT-MIR_A,G,ACT-MIR_B_3,blank,,,,,,,,,blaACT-1-like
52,blaACT/blaMIR,ACT-MIR_A,G,ACT-MIR_B_3,T,,,,,,,,,blaACT-1-like+5-like
53,blaACT/blaMIR,ACT-MIR_A,blank,ACT-MIR_B_3,T,,,,,,,,,blaACT-5-like
54,blaACT/blaMIR,ACT-MIR_A,blank,ACT-MIR_B_3,A,,,,,,,,,blaACT-7-like
55,blaACT/blaMIR,ACT-MIR_A,C,ACT-MIR_B_3,blank,,,,,,,,,blaMIR
56,armA,armA_3,A,,,,,,,,,,,armA
57,blaCMY-2-like,CMY-2_2A,G,,,,,,,,,,,blaCMY-2-like
58,blaCTX-M,CTX-M_1_240,A,CTX-M_1_v2a,blank,CTX-M_9,blank,CTX-M_9_240,blank,CTX-M_A,blank,CTX-M_B,blank,G1-240D
59,blaCTX-M,CTX-M_1_240,A,CTX-M_1_v2a,blank,CTX-M_9,blank,CTX-M_9_240,blank,CTX-M_A,T,CTX-M_B,blank,blaCTX-M-1
60,blaCTX-M,CTX-M_1_240,A,CTX-M_1_v2a,blank,CTX-M_9,T,CTX-M_9_240,A,CTX-M_A,blank,CTX-M_B,T,G1-240D+G9-240D
61,blaCTX-M,CTX-M_1_240,A,CTX-M_1_v2a,G,CTX-M_9,blank,CTX-M_9_240,blank,CTX-M_A,blank,CTX-M_B,blank,G1-240D_2pos
62,blaCTX-M,CTX-M_1_240,blank,CTX-M_1_v2a,blank,CTX-M_9,blank,CTX-M_9_240,A,CTX-M_A,blank,CTX-M_B,blank,G9-240D_36neg
63,blaCTX-M,CTX-M_1_240,blank,CTX-M_1_v2a,blank,CTX-M_9,blank,CTX-M_9_240,A,CTX-M_A,blank,CTX-M_B,T,G9-240D_3neg
64,blaCTX-M,CTX-M_1_240,blank,CTX-M_1_v2a,blank,CTX-M_9,blank,CTX-M_9_240,blank,CTX-M_A,blank,CTX-M_B,C,G8
65,blaCTX-M,CTX-M_1_240,blank,CTX-M_1_v2a,blank,CTX-M_9,blank,CTX-M_9_240,blank,CTX-M_A,blank,CTX-M_B,T,G9-240_46neg
66,blaCTX-M,CTX-M_1_240,blank,CTX-M_1_v2a,blank,CTX-M_9,blank,CTX-M_9_240,blank,CTX-M_A,G,CTX-M_B,blank,G2
67,blaCTX-M,CTX-M_1_240,blank,CTX-M_1_v2a,blank,CTX-M_9,blank,CTX-M_9_240,G,CTX-M_A,blank,CTX-M_B,blank,G9-240G_36neg
68,blaCTX-M,CTX-M_1_240,blank,CTX-M_1_v2a,blank,CTX-M_9,blank,CTX-M_9_240,GA,CTX-M_A,blank,CTX-M_B,blank,G9-240G+D_36neg
69,blaCTX-M,CTX-M_1_240,blank,CTX-M_1_v2a,blank,CTX-M_9,blank,CTX-M_9_240,GA,CTX-M_A,blank,CTX-M_B,T,G9-240G+D_3neg
70,blaCTX-M,CTX-M_1_240,blank,CTX-M_1_v2a,blank,CTX-M_9,T,CTX-M_9_240,A,CTX-M_A,blank,CTX-M_B,T,G9-240D
71,blaCTX-M,CTX-M_1_240,blank,CTX-M_1_v2a,blank,CTX-M_9,T,CTX-M_9_240,A,CTX-M_A,blank,CTX-M_B,TC,G9-240D+G8
72,blaCTX-M,CTX-M_1_240,blank,CTX-M_1_v2a,blank,CTX-M_9,T,CTX-M_9_240,A,CTX-M_A,G,CTX-M_B,T,G9-240D+G2
73,blaCTX-M,CTX-M_1_240,blank,CTX-M_1_v2a,blank,CTX-M_9,T,CTX-M_9_240,blank,CTX-M_A,blank,CTX-M_B,T,G9-240_4neg
74,blaCTX-M,CTX-M_1_240,blank,CTX-M_1_v2a,blank,CTX-M_9,T,CTX-M_9_240,G,CTX-M_A,blank,CTX-M_B,T,G9-240G
75,blaCTX-M,CTX-M_1_240,blank,CTX-M_1_v2a,blank,CTX-M_9,T,CTX-M_9_240,GA,CTX-M_A,blank,CTX-M_B,T,G9-240G+D
76,blaCTX-M,CTX-M_1_240,blank,CTX-M_1_v2a,G,CTX-M_9,T,CTX-M_9_240,A,CTX-M_A,blank,CTX-M_B,T,G9-240D_2G
77,blaCTX-M,CTX-M_1_240,blank,CTX-M_1_v2a,G,CTX-M_9,blank,CTX-M_9_240,blank,CTX-M_A,blank,CTX-M_B,blank,G1_2G
78,blaCTX-M,CTX-M_1_240,G,CTX-M_1_v2a,blank,CTX-M_9,blank,CTX-M_9_240,A,CTX-M_A,blank,CTX-M_B,blank,G1-240G+G9-240D_36neg
79,blaCTX-M,CTX-M_1_240,G,CTX-M_1_v2a,blank,CTX-M_9,blank,CTX-M_9_240,A,CTX-M_A,blank,CTX-M_B,T,G1-240G+G9-240D_3neg
80,blaCTX-M,CTX-M_1_240,G,CTX-M_1_v2a,blank,CTX-M_9,blank,CTX-M_9_240,blank,CTX-M_A,blank,CTX-M_B,blank,G1-240G
81,blaCTX-M,CTX-M_1_240,G,CTX-M_1_v2a,blank,CTX-M_9,blank,CTX-M_9_240,blank,CTX-M_A,blank,CTX-M_B,C,G1-240G+G8
82,blaCTX-M,CTX-M_1_240,G,CTX-M_1_v2a,blank,CTX-M_9,blank,CTX-M_9_240,blank,CTX-M_A,G,CTX-M_B,blank,G1-240G_5G
83,blaCTX-M,CTX-M_1_240,G,CTX-M_1_v2a,blank,CTX-M_9,blank,CTX-M_9_240,G,CTX-M_A,blank,CTX-M_B,blank,G1-240G+G9-240G_36neg
84,blaCTX-M,CTX-M_1_240,G,CTX-M_1_v2a,blank,CTX-M_9,blank,CTX-M_9_240,G,CTX-M_A,blank,CTX-M_B,T,G1-240G+G9-240D_3neg
85,blaCTX-M,CTX-M_1_240,G,CTX-M_1_v2a,blank,CTX-M_9,blank,CTX-M_9_240,GA,CTX-M_A,blank,CTX-M_B,blank,G1-240G+G9-240G+D_36neg
86,blaCTX-M,CTX-M_1_240,G,CTX-M_1_v2a,blank,CTX-M_9,blank,CTX-M_9_240,GA,CTX-M_A,blank,CTX-M_B,T,G1-240G+G9-240G+D_3neg
87,blaCTX-M,CTX-M_1_240,G,CTX-M_1_v2a,blank,CTX-M_9,T,CTX-M_9_240,A,CTX-M_A,blank,CTX-M_B,blank,G1-240G+G9-240D_6neg
88,blaCTX-M,CTX-M_1_240,G,CTX-M_1_v2a,blank,CTX-M_9,T,CTX-M_9_240,A,CTX-M_A,blank,CTX-M_B,T,G1-240G+G9-240D
89,blaCTX-M,CTX-M_1_240,G,CTX-M_1_v2a,blank,CTX-M_9,T,CTX-M_9_240,G,CTX-M_A,blank,CTX-M_B,T,G1_240G+G9-240D
90,blaCTX-M,CTX-M_1_240,G,CTX-M_1_v2a,blank,CTX-M_9,T,CTX-M_9_240,GA,CTX-M_A,blank,CTX-M_B,blank,G1-240G+G9-240G+D_6neg
91,blaCTX-M,CTX-M_1_240,G,CTX-M_1_v2a,blank,CTX-M_9,T,CTX-M_9_240,GA,CTX-M_A,blank,CTX-M_B,T,G1-240G+G9-240G+D
92,blaCTX-M,CTX-M_1_240,G,CTX-M_1_v2a,blank,CTX-M_9,T,CTX-M_9_240,blank,CTX-M_A,blank,CTX-M_B,T,G1-240G+G9_4neg
93,blaCTX-M,CTX-M_1_240,G,CTX-M_1_v2a,G,CTX-M_9,blank,CTX-M_9_240,A,CTX-M_A,blank,CTX-M_B,blank,G1-240G+G9-240D_2pos_36neg
94,blaCTX-M,CTX-M_1_240,G,CTX-M_1_v2a,G,CTX-M_9,blank,CTX-M_9_240,A,CTX-M_A,blank,CTX-M_B,T,G1-240G+G9-240D_2pos_3neg
95,blaCTX-M,CTX-M_1_240,G,CTX-M_1_v2a,G,CTX-M_9,blank,CTX-M_9_240,blank,CTX-M_A,blank,CTX-M_B,blank,G1-240G_2pos
96,blaCTX-M,CTX-M_1_240,G,CTX-M_1_v2a,G,CTX-M_9,blank,CTX-M_9_240,GA,CTX-M_A,blank,CTX-M_B,blank,G1-240G+G9-240G+D_2pos_46neg
97,blaCTX-M,CTX-M_1_240,G,CTX-M_1_v2a,G,CTX-M_9,blank,CTX-M_9_240,GA,CTX-M_A,blank,CTX-M_B,T,G1-240G+G9-240G+D_2pos
98,blaCTX-M,CTX-M_1_240,G,CTX-M_1_v2a,G,CTX-M_9,blank,CTX-M_9_240,G,CTX-M_A,blank,CTX-M_B,blank,G1-240G+G9-240G_2pos_46neg
99,blaCTX-M,CTX-M_1_240,G,CTX-M_1_v2a,G,CTX-M_9,blank,CTX-M_9_240,G,CTX-M_A,blank,CTX-M_B,T,G1-240G+G9-240G_2pos_4neg
100,blaCTX-M,CTX-M_1_240,G,CTX-M_1_v2a,G,CTX-M_9,T,CTX-M_9_240,A,CTX-M_A,blank,CTX-M_B,T,G1-240G+G9-240D_2pos
101,blaCTX-M,CTX-M_1_240,G,CTX-M_1_v2a,G,CTX-M_9,T,CTX-M_9_240,G,CTX-M_A,blank,CTX-M_B,T,G1-240G+G9-240G_2pos
102,blaCTX-M,CTX-M_1_240,G,CTX-M_1_v2a,G,CTX-M_9,T,CTX-M_9_240,GA,CTX-M_A,blank,CTX-M_B,T,G1-240G+G9-240G+D_2pos
103,blaCTX-M,CTX-M_1_240,GA,CTX-M_1_v2a,blank,CTX-M_9,blank,CTX-M_9_240,blank,CTX-M_A,blank,CTX-M_B,blank,G1-240D+G
104,DHA,DHA_2,G,,,,,,,,,,,blaDHA
105,fosA3,fosA3_1,A,,,,,,,,,,,fosA3
106,GES,GES,A,,,,,,,,,,,blaGES-2-like
107,GES,GES,G,,,,,,,,,,,blaGES-1-like
108,IMP,IMP_A_2,blank,IMP_A_2_v2,blank,IMP_B,T,,,,,,,blaIMP_12neg
109,IMP,IMP_A_2,blank,IMP_A_2_v2,G,IMP_B,blank,,,,,,,blaIMP-1579-like_13neg
110,IMP,IMP_A_2,G,IMP_A_2_v2,,IMP_B,T,,,,,,,blaIMP-1579-like_2neg
111,IMP,IMP_A_2,C,IMP_A_2_v2,blank,IMP_B,T,,,,,,,blaIMP-4-like
112,IMP,IMP_A_2,blank,IMP_A_2_v2,C,IMP_B,blank,,,,,,,blaIMP-4-like_13neg
113,KPC,KPC_3,C,,,,,,,,,,,blaKPC
114,NDM,NDM_2,A,,,,,,,,,,,blaNDM
115,OXA-10,OXA-10_SNP2_3#1,C,,,,,,,,,,,blaOXA-10-like
116,OXA-10,OXA-10_SNP2_3#1,G,,,,,,,,,,,blaOXA-13-like
117,OXA-30,OXA-30_2,A,,,,,,,,,,,blaOXA-30-like
118,OXA-48,OXA-48_SNP1,C,,,,,,,,,,,blaOXA-48-like
119,OXA-48,OXA-48_SNP1,T,,,,,,,,,,,blaOXA-181-like
120,rmtB,rmtB_3,A,,,,,,,,,,,rmtB
121,rmtC,rmtC_1,A,,,,,,,,,,,rmtC
122,rmtF,rmtF_3,C,,,,,,,,,,,rmtF
123,rmtF,rmtF_3,MUT,,,,,,,,,,,rmtF_MUT
124,SHV,SHV#1,A,SHV#2,A,SHV#2[1],A,,,,,,,blaSHV-ESBL-238S-240K
125,SHV,SHV#1,A,SHV#2,A,SHV#2[1],G,,,,,,,blaSHV-ESBL-238S-240K
126,SHV,SHV#1,A,SHV#2,A,SHV#2[1],GA,,,,,,,blaSHV-ESBL-238S-240K
127,SHV,SHV#1,A,SHV#2,blank,SHV#2[1],A,,,,,,,blaSHV-ESBL_2neg
128,SHV,SHV#1,A,SHV#2,G,SHV#2[1],A,,,,,,,blaSHV-ESBL-240K
129,SHV,SHV#1,A,SHV#2,G,SHV#2[1],G,,,,,,,blaSHV-ESBL-240K
130,SHV,SHV#1,A,SHV#2,G,SHV#2[1],GA,,,,,,,blaSHV-ESBL-240K
131,SHV,SHV#1,A,SHV#2,GA,SHV#2[1],GA,,,,,,,blaSHV-ESBL-238S+240K+ESBL-238S
132,SHV,SHV#1,AG,SHV#2,blank,SHV#2[1],A,,,,,,,blaSHV-ESBL+blaSHV_2neg
133,SHV,SHV#1,AG,SHV#2,G,SHV#2[1],G,,,,,,,blaSHV-ESBL-238S+blaSHV-1-like
134,SHV,SHV#1,AG,SHV#2,GA,SHV#2[1],A,,,,,,,blaSHV-ESBL+blaSHV
135,SHV,SHV#1,AG,SHV#2,GA,SHV#2[1],GA,,,,,,,blaSHV-ESBL+blaSHV
136,SHV,SHV#1,blank,SHV#2,A,SHV#2[1],A,,,,,,,blaSHV-ESBL_1neg
137,SHV,SHV#1,blank,SHV#2,blank,SHV#2[1],A,,,,,,,negative
138,SHV,SHV#1,blank,SHV#2,blank,SHV#2[1],G,,,,,,,negative
139,SHV,SHV#1,blank,SHV#2,blank,SHV#2[1],GA,,,,,,,negative
140,SHV,SHV#1,blank,SHV#2,G,SHV#2[1],A,,,,,,,blaSHV_1neg
141,SHV,SHV#1,blank,SHV#2,G,SHV#2[1],G,,,,,,,blaSHV_1neg
142,SHV,SHV#1,blank,SHV#2,G,SHV#2[1],GA,,,,,,,blaSHV_1neg
143,SHV,SHV#1,blank,SHV#2,GA,SHV#2[1],A,,,,,,,blaSHV-ESBL+blaSHV_1neg
144,SHV,SHV#1,blank,SHV#2,GA,SHV#2[1],GA,,,,,,,blaSHV-ESBL+blaSHV_1neg
145,SHV,SHV#1,G,SHV#2,blank,SHV#2[1],A,,,,,,,blaSHV_2neg
146,SHV,SHV#1,G,SHV#2,blank,SHV#2[1],blank,,,,,,,blaSHV_2neg
147,SHV,SHV#1,G,SHV#2,blank,SHV#2[1],G,,,,,,,blaSHV_2neg
148,SHV,SHV#1,G,SHV#2,blank,SHV#2[1],GA,,,,,,,blaSHV_2neg
149,SHV,SHV#1,G,SHV#2,G,SHV#2[1],A,,,,,,,blaSHV-1-like
150,SHV,SHV#1,G,SHV#2,G,SHV#2[1],blank,,,,,,,blaSHV-1-like
151,SHV,SHV#1,G,SHV#2,G,SHV#2[1],G,,,,,,,blaSHV-1-like
152,SHV,SHV#1,G,SHV#2,G,SHV#2[1],GA,,,,,,,blaSHV-1-like
153,SHV,SHV#1,G,SHV#2,GA,SHV#2[1],GA,,,,,,,blaSHV-ESBL-240K+blaSHV-1-like
154,TEM,TEM#1,C,TEM#2,G,,,,,,,,,blaTEM_1C
155,TEM,TEM#1,CG,TEM#2,G,,,,,,,,,blaTEM_1CG
156,TEM,TEM#1,G,TEM#2,G.MUT,,,,,,,,,blaTEM_2MUTmix
157,TEM,TEM#1,G,TEM#2,G,,,,,,,,,blaTEM-1-like
158,TEM,TEM#1,A,TEM#2,G,,,,,,,,,blaTEM-ESBL-238S
159,TEM,TEM#1,A,TEM#2,A,,,,,,,,,blaTEM-ESBL-238S+240K
160,TEM,TEM#1,G,TEM#2,A,,,,,,,,,blaTEM-ESBL-240K
161,TEM,TEM#1,G,TEM#2,GA,,,,,,,,,blaTEM-ESBL-240K+blaTEM-1-like
162,TEM,TEM#1,blank,TEM#2,G,,,,,,,,,blaTEM_1neg
163,TEM,TEM#1,G,TEM#2,blank,,,,,,,,,blaTEM_2neg
164,TEM,TEM#1,C,TEM#2,blank,,,,,,,,,blaTEM_2neg
165,VEB,VEB_3,T,,,,,,,,,,,blaVEB
166,VIM,VIM_SNP1,C,,,,,,,,,,,blaVIM-1-like
167,VIM,VIM_SNP1,T,,,,,,,,,,,blaVIM-2-like
168,VIM,VIM_SNP1,A,,,,,,,,,,,blaVIM-7-like
